id,text,__label__ell_Grek,link,text_language,video_language
kfGZD-00f7I,Καλοκαιρινό μπουρίνι με χαλάζι στον Άγιο Σπυρίδωνα Άρτας 2,1.0000097751617432,https://youtube.com/watch?v=kfGZD-00f7I,1.0,0.0
nIGtb-iNpzI,Γιάννης Κερκυραίος - Να της το πεις | Giannis Kerkiraios - Na tis to peis | Official Music Release Μουσική: Γιάννης Κερκυραίος  Στίχοι: Γιάννης Κερκυραίος  Ενορχήστρωση-Προγραμματισμός: Γιάννης Κερκυραίος  Πλήκτρα-ακουστική/ηλεκτρική κιθάρα: Γιάννης Κερκυραίος  Μπουζούκι: Δημήτρης Μαργαρίτης  Μπάσο: Σπύρος Μάζης   Φωτογραφία: Κοσμάς Φούρναρης   Instagram :  FB page :  FB profile :   SUBSCRIBE  Κάνε Subscribe στο επίσημο κανάλι του Γιάννη Κερκυραίου  και γίνε μέλος της μουσικής μας παρέας!  ΣΤΙΧΟΙ/LYRICS:  Τώρα εγώ ξανά χαμογελάω δεν έχω πια κρυμμένα μυστικά μια αγκαλιά για εκείνη τη φυλάω κι' έχω αδειανή μια θέση στη καρδιά   Να της το πεις πως κάνω χίλια όνειρα κι' έχω γι' αυτή μια αγάπη δίχως όρια Να της το πεις πως τη ζωή μου άλλαξε και στη καρδιά το όνομα της χάραξε  Τώρα ξανά το κόσμο χρωματίζω κι' είναι λευκή σελίδα η ζωή Το πρόσωπο της όταν αντικρίζω ξέρω πως είναι αγάπη αληθινή  Να της το πεις πως κάνω χίλια όνειρα κι' έχω γι' αυτή μια αγάπη δίχως όρια Να της το πεις πως τη ζωή μου άλλαξε και στη καρδιά το όνομα της χάραξε,1.0000091791152954,https://youtube.com/watch?v=nIGtb-iNpzI,0.5,1.0
Wecct-uJ2kM,"Θα ασκηθεί ποινική δίωξη στον Μάνο Δασκαλάκη; (Super Κατερίνα, 7/7/22) #Πάτρα: Θα ασκηθεί ποινική δίωξη στον Μάνο Δασκαλάκη; (Super Κατερίνα, 7/7/22)    Ακολουθήστε την Καθαρή Δύναμη στο Facebook:    Το κανάλι μας δεν συμφωνεί απαραίτητα με τις απόψεις που προβάλλονται στα βίντεο.",1.0000025033950806,https://youtube.com/watch?v=Wecct-uJ2kM,0.5,1.0
GRyno-OMJQI,"Ανάδρομος Άρης στον Κριό. Πως θα επηρεάσει τα ζώδια; Live από την Σμάρω Σωτηράκη Ζώδια και ανάδρομος Άρης στον Κριό. Τι εξελίξεις θα μας φέρει; Σίγουρα δημιουργεί μια εκρηκτική διάθεση και έναν ανταγωνισμό και μαχητικότητα. Δεν είναι ένα θετικό διάστημα σίγουρα γιατί με την ένταση προσπαθούμε να διεκδικήσουμε τα θέλω και τα κεκτημένα σας. Το θετικό είναι η δράση που μπορούμε να έχουμε διότι είναι σε ένα πολύ δυναμικό ζώδιό.   Δες εδώ πως τι θα συμβεί με τον ανάδρομο Άρη στη ζωή σου, απλά κάνε κλικ στο σύνδεσμο :  Κριός: 18:44  Ταύρος: 22:13  Δίδυμοι: 26:07  Καρκίνος: 30:02  Λέων: 34:02  Παρθένος: 40:27  Ζυγός: 47:39  Σκορπιός: 53:13  Τοξότης: 59:57  Αιγόκερως: 1:06:19  Υδροχόος: 1:13:55  Ιχθύς: 1:18:23   Η αγαπημένη μας Σμάρω Σωτηράκη ετοιμάζει νέα video και πολλές Live εκπομπές! ΘΕΣ ΝΑ ΤΑ ΒΛΕΠΕΙΣ ΟΛΑ ΑΜΕΣΩΣ;;; Κάνε εγγραφή/subscribe στο κανάλι μας και ΜΗΝ ΞΕΧΝΑΣ το καμπανάκι για να σε ειδοποιούμε!     ΜΟΝΑΔΙΚΟ! ΘΕΣ ΤΟΝ ΠΡΟΣΩΠΙΚΟ ΑΣΤΡΟΛΟΓΙΚΟ ΣΟΥ ΧΑΡΤΗ ΑΠΟ ΤΗΝ ΣΜΑΡΩ ΣΩΤΗΡΑΚΗ; *Με όψεις που δεν θα βρεις πουθενά αλλού. Κάνε τον δικό σου ΕΔΩ:    ΝΕΑ ΔΩΡΕΑΝ ΥΠΗΡΕΣΙΑ! ΤΑΙΡΙΑΖΟΥΜΕ; Η Σμάρω Σωτηράκη σου απαντά ΔΩΡΕΑΝ εδώ      Κλείσε προσωπικό ραντεβού μέσω βιντεοκλήσης με την αστρολόγο Σμάρω Σωτηράκη!  ΚΛΕΙΣΕ ΤΩΡΑ ΠΡΟΣΩΠΙΚΟ ΡΑΝΤΕΒΟΥ ΕΞ ΑΠΟΣΤΑΣΕΩΣ ΜΕ ΤΗΝ ΣΜΑΡΩ ΣΩΤΗΡΑΚΗ  Κάλεσε τώρα στο 211 188 3546 (αστική χρέωση)      HOT NEWS! ΜΙΛΗΣΕ ΜΕ ΤΗΝ ΣΜΑΡΩ ΣΩΤΗΡΑΚΗ ΣΕ ΣΤΑΘΕΡΟ ΤΗΛΕΦΩΝΟ! Αγοράζεις οικονομικά χρόνο ομιλίας με πιστωτική η χρεωστική κάρτα!     ΝΕΟ: sms πρόβλεψη από την Σμάρω Σωτηράκη από Ελλάδα και εξωτερικό! ΤΙΜΗ σοκ!     Η Σμάρω Σωτηράκη απαντά προσωπικά στα μηνύματά σου και τα βρίσκει όλα!     Μην ξεχάσεις να δεις την πρόβλεψη της ημέρας για τα ζώδια με την υπογραφή της Σμάρως Σωτηράκη ΕΔΩ:     ΝΕΟ: sms πρόβλεψη από την Σμάρω Σωτηράκη από Ελλάδα και εξωτερικό! ΤΙΜΗ σοκ!     Μην ψάχνεις, μην πληκτρολογείς ΟΛΑ μας τα video θα τα βρεις εδώ    Επικοινώνησε εδώ με την αγαπημένη σου αστρολόγο Σμάρω Σωτηράκη     Αν αγαπάς την αστρολογία και πιστεύεις πως το δικό σου ζώδιο είναι το καλύτερο ΕΛΑ και εσύ στη παρέα μας:      Facebook     Instagram    #Ζώδια #ΣμάρωΣωτηράκη #αναδρομοςΆρης",1.0000003576278689,https://youtube.com/watch?v=GRyno-OMJQI,0.5,1.0
MMqfF-2K2ZE,"10-05-2022: 114η Κυριακή των Μυροφόρων Ραδιοφωνικός Σταθμός:  «Άγιος Δημήτριος», 93.3 114η Εκπομπή:   «ΜΕ ΠΟΝΟ ΚΑΙ ΑΓΑΠΗ ΓΙΑ ΤΟΝ ΣΥΓΧΡΟΝΟ ΑΝΘΡΩΠΟ» Ημερομηνία:       Τρίτη, 10 Μαΐου 2022 Θέμα:                   Κυριακή των Μυροφόρων   Κείμενα από το βιβλίο «Δίψα Αιώνιας Ζωής» Ψιχία από την τράπεζα του Αγίου Σωφρονίου, του αρχιμανδρίτη Ζαχαρία (Ζαχάρου)   Ανάγνωση Κειμένων: πρωτοπρεσβύτερος Μάριος Δημοσθένους, προϊστάμενος Ι.Ν. Αγίου Δημητρίου Ακροπόλεως",0.9998971223831176,https://youtube.com/watch?v=MMqfF-2K2ZE,1.0,1.0
mxuiz-buLU0,ΚΙΝ.ΑΛ: Σε… ρυθμούς debate ο προεκλογικός αγώνας των υποψηφίων αρχηγών Η επικαιρότητα μόνο στο   Κάνε subscribe στο Ethnos:    Ακολούθησέ μας: Official website:  Facebook:  Instagram:  Twitter:   Ρεπορτάζ  του OPEN TV   Δες όλα τα βίντεο εδώ:  Δες τα βίντεο του OPEN TV εδώ:,0.9998942613601683,https://youtube.com/watch?v=mxuiz-buLU0,0.5,1.0
NUoDt-dcGNk,Η μικρή μου η Νανά ....music stage κύτταρο Μιχάλης Ρακιντζής Η μικρή μου η Νανά ....music stage κύτταρο Μιχάλης Ρακιντζής,0.9998199343681335,https://youtube.com/watch?v=NUoDt-dcGNk,0.5,1.0
zHDFI-7TKM8,"ΚΟΦΤΕΣ ΚΑΙ DRIFT! - NFS Heat Livestream | TechItSerious Καγκουριλίκια και πατήματα στο Need For Speed Heat! ---  Στήριξέ μας με ένα donate, εδώ:   Γίνε VIP μέλος TechItSerious εδώ:  ή κάνε κλικ στο κουμπί ""Συμμετοχή""  Μπορείς να πάρεις μπλουζάκι TechItSerious από εδώ:   Αν σου άρεσε το βίντεο, κάνε εγγραφή για περισσότερα:   Ακολούθησέ μας:  Instagram:   Facebook:   Twitch:   Twitter:   Website:    Αποστολή Αλληλογραφίας (Fan Mail):   Τα VIP μέλη μας:    Κάθε Δευτέρα στις 20:00, έχει live:",0.999478280544281,https://youtube.com/watch?v=zHDFI-7TKM8,1.0,0.5
Attky-yf02I,Οι Μικρομεσαίοι ΕΠ 1-2,0.9988866448402404,https://youtube.com/watch?v=Attky-yf02I,0.5,
uVget-5HJAM,Στο κορίτσι της γειτονιάς μου  (Μουσικό) - To the girl in my neighborhood (Instrumental) Σύνθεση μουσικής & ενορχήστρωση: Γιώργος Ρήγος Composer: George (Giorgos) Rigos Φωτογραφίες: Γιάννης Ρήγος - Foto: John Rigos,0.995926320552826,https://youtube.com/watch?v=uVget-5HJAM,0.5,0.0
mRilr-_CVvQ,ΑΙΑΣ-Δημοκριτείο,0.9565675854682922,https://youtube.com/watch?v=mRilr-_CVvQ,0.5,1.0
ipuZn-KZhvs,"Ολυμπιακός - Μπέρνλι 3-1 EL Playoffs - Τα γκολ {23-8-2018} Ολυμπιακός - Μπέρνλι 3-1 Playoffs Europa League  Γήπεδο: Γ. Καραϊσκάκης  Διαιτητής: Slavko Vinčić (Σλοβενία)  Βοηθοί: Tomaž Klančnik, Andraž Kovacic (Σλοβενία)  4ος: Rade Obrenovic (Σλοβενία)     ΟΛΥΜΠΙΑΚΟΣ (Πέδρο Μαρτίνς): Γιαννιώτης, Ελαμπντελαουί, Μιράντα, Βούκοβιτς, Τσιμίκας, Μπουχαλάκης, Καμαρά, Ποντένσε, Χριστοδουλόπουλος (84' Ανσαριφάρντ), Φορτούνης (88' Φετφατζίδης), Γκερέρο.  ΜΠΕΡΝΛΙ (Σον Ντάις): Χίτον, Μπάρντσλεϊ, Λονγκ, Γκίμπσον, Γουόρντ (66' Λένον), Κορκ, Χένρικ, Τέιλορ, Γκούντμουνσον (76' Βόουκς), Μπαρνς, Γουντ (62' Ταρκόφσκι).     Γκολ: 19', 60' (πεν.) Φορτούνης, 48' Μπουχαλάκης / 33' Γουντ  Κάρτες: 32' Μπουχαλάκης, 44' Χριστοδουλόπουλος - 45'+2' Γκούντμουντσον, 48' Γκίμπσον, 48' Γουόρντ  Κόκκινη: 60' Γκίμπσον, 76' Τέιλορ",0.9551206827163696,https://youtube.com/watch?v=ipuZn-KZhvs,1.0,0.0
pFcqo-Znv_c,ΠΟΛΥ ΜΙΚΡΗ ΜΕ ΓΝΩΡΙΣΕΣ- ΔΗΜΗΤΡΑ ΓΡΑΒΑΝΗ ΛΟΙΖΟΥ ΠΟΛΥ ΜΙΚΡΗ ΜΕ ΓΝΩΡΙΣΕΣ- ΔΗΜΗΤΡΑ ΓΡΑΒΑΝΗ ΛΟΙΖΟΥ  Τραγούδι: Δήμητρα Γραβάνη-Λοίζου Κλαρίνο: Βασίλης Καλκάνης Στίχοι - Δήμητρα Γραβάνη,0.9535837173461914,https://youtube.com/watch?v=pFcqo-Znv_c,0.5,1.0
IrupP-a9bTw,"ΠΑΟΚ-Καλλιθέα 2-1 (26/10/2003) 2003–2004: Α’ ΕΘΝΙΚΗ ΚΑΤΗΓΟΡΙΑ 8η Αγωνιστική, Γκολ: Τάτσης",0.9174779057502748,https://youtube.com/watch?v=IrupP-a9bTw,1.0,0.5
Gikiw-J-fxg,"Articolo - Embrace, 3D Painting - The art of painting and sculpture on canvas. Couple In The Moonlight-Embrace, 3D Painting, On Canvas 30x40cm, Lilac, Articolo. Ζευγάρι Στο Σεληνόφως-Αγκαλιά, Τρισδιάστατος Πίνακας Ζωγραφικής, Σε Καμβά 30x40cm, Λιλά, Articolo Η τέχνη της ζωγραφικής και του γλυπτού σε καμβά.",0.9034282565116882,https://youtube.com/watch?v=Gikiw-J-fxg,0.5,0.0
QVwuH-ua-9g,29 Σεπτεμβρίου 2023,0.8621296882629395,https://youtube.com/watch?v=QVwuH-ua-9g,1.0,1.0
gbnep-tdBLg,29 Σεπτεμβρίου 2022,0.8514803051948547,https://youtube.com/watch?v=gbnep-tdBLg,1.0,1.0
bqJLS-JI_PA,"Πανιώνιος-Καλλιθέα 1-0 (16/10/2005) 2005 – 2006: Α’ ΕΘΝΙΚΗ ΚΑΤΗΓΟΡΙΑ  6η Αγωνιστική, ΚΑΛΛΙΘΕΑ (Σ. Μλαντένοφ): Σουλογάνης, Βενέτης, Κουλακιώτης, Βόκολος, Γκεοργκίεφ, Γιάντσεφ, Μουτζίρι, Τελκίνσκι, Τσιώλης, Λαζανάς, Σιλά",0.8475641012191772,https://youtube.com/watch?v=bqJLS-JI_PA,1.0,0.5
nLuzq-wgkBI,Γενέθλια 27.4.2023,0.8439781069755554,https://youtube.com/watch?v=nLuzq-wgkBI,1.0,1.0
kWJiv-2GTec,17 Σεπτεμβρίου 2023,0.8433650732040405,https://youtube.com/watch?v=kWJiv-2GTec,1.0,1.0
QeSME-5CF20,6 Δεκεμβρίου 2018,0.8385280966758728,https://youtube.com/watch?v=QeSME-5CF20,1.0,1.0
GQDTS-dkoEI,13 Σεπτεμβρίου 2023,0.8257095813751221,https://youtube.com/watch?v=GQDTS-dkoEI,1.0,
KbLfw-_1XoU,2 Οκτωβρίου 2022,0.7891351580619812,https://youtube.com/watch?v=KbLfw-_1XoU,1.0,0.0
isZPF-SmgXw,Fortnite 2 με βελησαριο και αλεξ Like subscribe share   FORTNITE,0.7721731662750244,https://youtube.com/watch?v=isZPF-SmgXw,0.5,0.5
zFXWw-pEvXk,"Ελισάβετ - Σήμερα feat.Chris Ventouris - Live @ Battle X Η παρουσίαση του νέου digital single της Ελισάβετ ""Σήμερα feat.Chris Ventouris"" στο Battle X πού έγινε στο κλειστό γυμναστήριο Τόφαλος στη Πάτρα.  +℗ InSideOut/XRC Records USA | 2014 Available on: iTunes / AmazonMP3 / Spotify / XBox Music / GooglePlay / eMusic / rdio / Pandora Radio  iTunes:  Amazon:  Spotify:   Rdio:   Ελισάβετ - Σήμερα feat.Chris Ventouris  Digital single Μουσική:Τάσος Μπλάθρας, Γιάννης Κριδέρας, Διονύσης Σταματόπουλος Στίχοι: Γιάννης Μπλάθρας, Chris Ventouris, Δημήτρης Ασημακόπουλος Rap: ChrisVentouris   Ενορχήστρωση - Παραγωγή: Διονύσης Σταματόπουλος, Δημήτρης Σταματίου, Γιάννης Κριδέρας Μίξη - Mastering: Δημήτρης (Funkyfly) Σταματίου (Prism Studio)  ΕΛΙΣΑΒΕΤ FACEBOOK PAGE:  FACEBOOK :   XRC RECORDS USA FACEBOOK :   INSIDEOUT MUSIC web promotion WEBSITE :  FACEBOOK :  YOUTUBE :  TWITTER:",0.7364839911460876,https://youtube.com/watch?v=zFXWw-pEvXk,0.5,1.0
tsYog-ghv50,11 Νοεμβρίου 2021,0.6977339386940002,https://youtube.com/watch?v=tsYog-ghv50,1.0,
oBeBj-_Mvyg,6 Νοεμβρίου 2022,0.6659413576126099,https://youtube.com/watch?v=oBeBj-_Mvyg,1.0,0.0
mxyDo-7YuyI,"Στρειδοφάγος στο Νερό Φωνή - Eurasian Oystercatcher call Το πουλί Στρειδοφάγος και οι φωνές του, στην Ελληνική φύση.   Eurasian Oystercatcher call in Greek nature.  Haematopus ostralegus.  Η επιστημονική ονομασία του γένους, haematopus, είναι ελληνική (αίμα + πους) και συσχετίζεται με το κόκκινο (ορθότερα, βαθύ ροδόχρωμο) χρώμα των ταρσών του πτηνού. Ο Στρειδοφάγος είναι ένα από τα πλέον αναγνωρίσιμα παρυδάτια πτηνά που, με το χαρακτηριστικό ράμφος, τους κοκκινωπούς ταρσούς και τη θορυβώδη παρουσία του, δύσκολα συγχέεται με άλλο είδος. ( wikipedia org)  Πουλιά της Ελλάδας. Ορνιθοπανίδα στην Ελλάδα. Λουλούδια, φυτά, πουλιά, ωδικά πτηνά, έντομα, τρωκτικά, αμφίβια, ερπετά, αρπακτικά, άγρια ζώα, εξημερωμένα ζώα, ψάρια, ποτάμια, λίμνες.   Δημιουργία βίντεο: Σπύρος Τσουκιάς  Αβοκέτα. Αγριόπαπιες. Αετομάχος. Αετός. Αετογερακίνα. Αηδόνια. Αλκυόνη. Αλεπού. Ακτίτης . Αμπελουργός. Αργυροπούλια. Αργυροτσικνιάς. Ασπροκωλίνα.  Βαλτότρυγγας. Βαρβάρα. Βατόμουρα. Βουνοτσίχλονο. Βραχοκιρκίνεζο. Βραχοτσοπανάκος. Γλάρος. Γαλαζοκότσυφας. Γαλαζοπαπαδίτσα. Γεράκι. Γερακίνα. Γκιώνης. Γρύλος. Δρυοκολάπτης. Δρυομυγοχάφτης. Ερωδιός. Θαμνοτσιροβάκος. Θαλασσοκόρακας. Καλαμοκανάς. Καλαμοτσίχλονο. Καλαμόκιρκος. Καλόγερος. Καρακάξα. Καρδερίνα. Καρβουνιάρης. Καστανολαίμης. Κιρκίρια. Κίσσα. Κιτρινοσουσουράδα. Κιτρινοστριτσίδα. Κοκκινοκεφαλάς. Κοκκινολαίμης. Κοκκινοσκέλης. Κοκκινούρης. Κοκκοθραύστης. Κοκκινοκελάδα. Κοράκια. Κορμοράνος. Κορυδαλλός. Κοτσύφια. Κουκουβάγια. Κρυπτοτσικνιάς. Κύκνος. Λαγγόνες. Λασποσκαλίδρα. Λευκοτσικνιάς. Λευκοσουσουράδα. Λιβαδοκελάδα. Λιβελούλα. Λιμόζα. Μαυρότρυγγας. Μαυροβουτηχτάρι. Μαυροπετρίτης. Μαυροτσιροβάκος. Μαχητής. Μελισσοφάγος. Μπεκάτσα. Μπεκατσίνι. Νανοσκαλίδρα. Νεροκοτσέλα. Νερόκοτα. Νεροκελάδα. Πάπιες. Παρδαλοκεφαλάς. Πελαργός. Πελεκάνος. Πέρδικα.  Πετροτουρλίδα. Ποταμογλάρονο. Ποταμοσφυριχτής. Ποταμότρυγγας. Πρασινοσκέλης. Σαρσέλα. Σιρλοτσίχλονο. Σουβλόπαπια. Σπίνος. Σπουργίτια. Σταβλοχελίδονο. Σταχτοσουσουράδα. Σταχτοκουρούνα. Σταχτοκεφαλάς. Σταχτοπετρόκλης. Σταχτομυγοχάφτης. Σταχτοτσικνιάς. Στικταετός. Στρειδοφάγος. Συκοφάγος. Τουρλίδα. Τριζόνι. Τρυποφράχτης. Τρυγόνι. Τσαλαπετεινός. Τσιφτάς. Τσίχλες. Τσουκνίδα. Φαλαρίδα. Φανέτο. Φάσσα. Φιδαετός. Φλώρος.  Φλαμίνγκο. Φοινικόπτερα. Φοινίκουρος. Χαβαρόνι. Χαλκόκοτα. Χαλκοκουρούνα. Χαλικοκυλιστής.  Χελιδόνια. Χουλιαρομύτα. Χρυσοκάνθαρος. Χρυσόμυγα. Ψαρόνια. Ψαραετός. Ψευταηδόνι. Ωχροστριτσίδα. Ωχροκελάδα. Νεροβούβαλοι. Πρόβατα. Κατσίκες. Αγελάδες. Άλογα. Αλεπού. Μοσχάρια.  Πεταλούδες. Ποντικός. Βάτραχος. Χελώνες. Λαγόγυρος. Γάϊδαρος. Φοράδα. Σύκα. Τράγος. Γίδα. Τσακάλι. Κοχύλι. Έντομα. Φύση. Πουλιά. Λουλούδια. Λίμνες. Ποτάμια. Θάλασσα. Ανατολή ηλίου. Ηλιοβασίλεμα. Ελλάδα. Πουλιά της Ελλάδας. Κελάηδημα Πουλιών.  Marsh Sandpiper. Eurasian stone-curlew. Red throated Pipit. Black-tailed godwit . Ruff. Little Stint. Swan. Flamingo. Dragonflies. Marsh harrier. Little Egret. Heron. Squacco heron. Stork. Great egret. Common Kestrel. Grey Partridge. Common chaffinch.  Pelecanus. European bee-eater. Hoopoe.  Common tern.  Western yellow wagtail. Grey Heron. Common Redshank.  lack-winged stilt. Cetti's Warbler. Calandra Lark. Wood Sandpiper. Birds. Nature.  Cetonia aurata. Common Buzzard. Falcon. Eurasian Spoonbill. Corn Bunting. Gallinula chloropus. Black-crowned night heron. Pied avocet. Icterine Warbler. Eurasian Curlew. Great Cormorants. Insects. Flowers. Dunlin. Ducks. Garganey. Common reed bunting. Common shelduck. Lesser grey shrike. Ruddy Turnstone. Short-toed snake eagle. European greenfinch. Eurasian Oystercatcher. Common Redshank. Larus ridibundus. Frog Anura. Sheep.  Crested Lark. Common nightingale. Red Poppies. Chamomile. Lilacs. Bees.  Red Roses. Grey wagtail. Great crested grebe. Eurasian Coot. Dragonflies.  Black-headed bunting.  Lesser kestrel. Semicollared Flycatcher. Starred agama. Red-backed Shrike.  Blue rock thrush. White Wagtail.  Ants. Mallard.   Donkey. Cows. European ground squirrel. Ruff. Water rail. Wild boar.  Meadow pipit. Spotted Redshank. Grey Plover.  Blacked Eared Wheatear. Common starling. Whinchat. Woodchat Shrike.  Water pipit. European Robin. Eurasian wren. Hawfinch bird. Blackbird. Rook bird. Rock Bunting. Black Redstart. Cirl Bunting. Osprey. Western Rock Nuthatch. Common Snipe. Eurasian Teal Ducks. Common moorhen. Common Kingfisher. Sparrows. Great Tit.  Curlew. Spotted flycatcher. Black-necked grebe. Common linnet. Eurasian blue tit. Eurasian jay. Sunrize. Sunset. Birds. Flowers. Nature. Greece.  Birds of Greece. Vögel auf Griechenland. Uccelli della Grecia. Oiseaux de Grèce. Aves de Grecia. Птицы Греции. Yunanistan Kuşları. Ptaki Grecji. Ptáci z Řecka. Păsări ale Greciei. Zogjtë e Greqisë. Птиците на Гърция. Птице Грчке. Vogels van Griekenland. Grækenlands fugle. ציפורים של יוון. Aves da Grécia. Greklands fåglar. طيور اليونان. 그리스의 새들. 希腊的鸟类。ギリシャの鳥。",0.6425321698188782,https://youtube.com/watch?v=mxyDo-7YuyI,0.5,0.0
wmdsS-hGoqk,e-wisdom.gr  - Αρχαία Ελληνικά Β Γυμνασίου  Escape room www.e-wisdom.gr,0.6206424832344055,https://youtube.com/watch?v=wmdsS-hGoqk,0.5,0.0
RPuhF-q4w9Y,Σ. ΜακΚίσικ: «Προτιμώ αντίπαλο τη Ζάλγκιρις για να δοκιμάσω τα καλάθια στο Κάουνας» | 10/4/2023 |ΕΡΤ Subscribe στην ΕΡΤ:     Official Site:  Official Site:  Official Site:   Facebook:  Facebook:  Twitter:  Instagram:  TikTok:   #ΕΡΤ #ERTFLIX  #JumpBallERT,0.5388611555099487,https://youtube.com/watch?v=RPuhF-q4w9Y,0.5,0.0
nJHvN-k_PVk,Ελευσίνα drift,0.4816670417785644,https://youtube.com/watch?v=nJHvN-k_PVk,0.5,0.0
OAfWH-gswzo,ΟΛΑ ΤΑ HIGHLIGHTS του ΑΡΗΣ - ΠΑΟΚ 1-2 με ΕΠΙΚΗ ΜΑΡΜΙΤΑ! | Soureal TV ΜΑΡΜΙΤΑ LIVE ΕΔΩ -  ▻ Αν σου άρεσε το βίντεο και θες να μας υποστηρίξεις κάνε ένα Share και ένα Like ! ▻ Facebook:  ▻ Instagram :   Κάνε SUBSCRIBE εδώ: ▻  Γίνε ΜΕΛΟΣ εδώ:▻   ▻ ΤikTok :  ▻ Discord :  _________________________________________________________________ Business Inquiries: sourealtv.com #SourealTV,0.4267148971557617,https://youtube.com/watch?v=OAfWH-gswzo,0.5,0.5
dHhFf-vgmRM,Δ. Μεντζελος / BD Foxmoor Dj set 7-12-'13 3 Δ. Μεντζελος / BD Foxmoor Dj set 7-12-'13 3,0.4260906875133514,https://youtube.com/watch?v=dHhFf-vgmRM,0.5,0.0
dHvgI-My9Eo,Rhythmic Drapetsona-Διατροφικές Συμβουλές-3,0.4182559847831726,https://youtube.com/watch?v=dHvgI-My9Eo,0.5,0.0
RxJID-JCW40,Το ΜΥΣΤΙΚΟ του πλούτου#conclavio #ekatommyriouxos #greektiktok #money #foryoupage #youtubeshorts,0.370595633983612,https://youtube.com/watch?v=RxJID-JCW40,0.5,1.0
xlTZS-CTa98,"IKARIA - ANDROMEDA* Monokambi Fest 2022 - AGANTA - HD  συνεχιζετε Vol 15 - Παραδοσιακο, Ανδρομεδα - τραγουδι / Κωστας Καλογριδης - κομπανια #AGANTA - Μονοκαμπι Ικαρια πανηγυρι 15/8/2022 Live Video 4K HD Official Yanni Ikaros Magic GreekFest  - Greek - Folk - Music Song - Dance - ANDROMEDA* by Music Company AGANTA The Festival at Village Monokambi in Ikaria Island Greece 15/8/2022 -  Αρχειο Γιαννης Βλαχος Ικαρος -",0.3570191860198974,https://youtube.com/watch?v=xlTZS-CTa98,1.0,1.0
DPYTE-V91sM,"POST PUNK DARK WAVE GREECE - GRECIA 01 ▼#postpunk #grecia #Greece  #Ελλάδα #Elláda #melancox ▼La música Post Punk  en Grecia es y fue digna de admirar, bandas representativas de este sonido forman parte de este set, mi acercamiento a esta escena se debe a una labor de investigación, con ustedes la parte 01 de esta corriente oscura, se incluye al acto ruso На заре como banda invitada. Sumerja su alma en este recorrido desde los ochentas hasta el 2020. •▼• •▼• •▼• •▼• •▼• •▼• •▼• •▼• •▼• •▼• •▼• •▼• •▼• •▼• •▼• •▼• •▼• ▼Post Punk music was played in Greece with bands representing this sound, my approach to this scene is due to research work, with you part 01 of this dark current. Included as a guest act in the Russian act На заре.Immerse your soul on this journey from the eighties to 2020 •▼• •▼• •▼• •▼• •▼• •▼• •▼• •▼• •▼• •▼• •▼• •▼• •▼• •▼• •▼• •▼• •▼• ▼Η μουσική Post Punk παίχτηκε στην Ελλάδα με συγκροτήματα που αντιπροσωπεύουν αυτόν τον ήχο, η προσέγγισή μου σε αυτή τη σκηνή οφείλεται σε ερευνητικό έργο, με το μέρος 01 αυτού του σκοτεινού ρεύματος. περιλαμβάνεται η ρωσική πράξη На заре ως μπάντα επισκεπτών σε αυτό το σετ. Βυθίστε την ψυχή σας σε αυτό το ταξίδι από τη δεκαετία του '80 έως το 2020.  1 ΟΔΟΣ 55 - Αττική Βικτώρια (2012) 2 Διείσδυση feat. Regressverbot  - Phonotribe (2016) 3 χωρίς περιδέραιο - άνωση (1983) 4 На заре - Гришковец и Бигуди (1987)* 5 Συνθετικοί - Είναι Σίγουρο (1990) 6 Metro Decay - Κειμήλια (1983) 7 Era of Fear - Mizeria (2013) 8 Κωμωδία Θανάτου - Ωραίες μέρες (2016) 9 Αρχή Του Τέλους – Κάθαρση (2016) 10 Data Fragments - Walking In the Rain (2019) 11 Incirrina - A Little Girl Lost (2018) 12 Alive She Died - The First Night (1985) 13 Cold i - Εσύ και Εγώ (2018) 14 Σκοτοδίνη - Χάνεσαι (2018) 15 Chain Cult -Noise & Regret (2020) 16 Fear Condition - One Flew Over The Cuckoo's Nest (1986) 17 ΑΡΝΑΚΙΑ - Δύτης Του Ουρανού (1993) 18 Alice in a Nightmare - I Walk Alone (1988) 19 In Trance 95 - Desire To Desire  (Extended 7"" Version) (1988) 20 Forward Music Quintet - All The Strangers (1991)  ▼ 𝐌𝐚𝐫𝐭𝐢́𝐧 𝐌𝐄𝐥𝐚𝐧𝐜𝐨𝐗 is vocalist of Ilusion Marchita, producer of Peruoscuro and Director of Gotham Discos.   •▼• •▼• •▼• •▼• •▼• •▼• •▼• •▼• •▼• •▼• •▼• •▼• •▼• •▼• •▼• •▼• •▼• •▼• •▼• •▼•  +Si te pareció interesante mi labor musical, puedes donar lo que este al alcance de tus posibilidades: + If you found my musical work interesting, you can donate whatever is within your means Εάν θεωρήσατε ενδιαφέρον το μουσικό μου έργο, μπορείτε να δωρίσετε ό, τι είναι μέσα στα μέσα σας: •▼•",0.3131946921348572,https://youtube.com/watch?v=DPYTE-V91sM,0.5,0.5
PKkKL-uZol8,"ΧΡΗΣΤΟΣ ΑΛΕΥΡΑΣ:  Ο ΠΡΩΘΥΠΟΥΡΓΟΣ ΚΟΡΟΪΔΕΥΕΙ ΤΟΥΣ ΠΟΛΙΤΕΣ ΓΙΑ ΤΗΝ ΑΛΙΕΙΑ #χρήστοςαλευράς #αλιεία #ελλήνωνσυνέλευσις #ελληνωνσυνελευσις #πολιτική #πολιτικη #υποψήφιοιβουλευτές #υποψηφιοιβουλευτες #εθνοσυνέλευση #εθνοσυνελευση  Ο ΥΠΟΨΗΦΙΟΣ ΒΟΥΛΕΥΤΗΣ ΤΗΣ «ΕΛΛΗΝΩΝ ΣΥΝΕΛΕΥΣΙΣ» ΣΤΟΝ ΝΟΜΟ ΧΑΛΚΙΔΙΚΗΣ ΧΡΗΣΤΟΣ ΑΛΕΥΡΑΣ ΣΤΗΝ ΕΚΠΟΜΠΗ ""ΚΥΡΙΑΡΧΟΣ ΠΟΛΙΤΗΣ"" ΜΕ ΤΟΝ ΕΥΑΓΓΕΛΟ ΙΟΡΔΑΝΙΔΗ ΑΝΑΦΕΡΘΗΚΕ ΣΤΙΣ ΔΗΛΩΣΕΙΣ ΤΟΥ ΠΡΩΘΥΠΟΥΡΓΟΥ ΣΤΟ ΥΠΟΥΡΓΕΙΟ ΑΓΡΟΤΙΚΗΣ ΑΝΑΠΤΥΞΗΣ ΚΑΙ ΤΡΟΦΙΜΩΝ ΣΤΟΝ ΠΡΩΤΟ ΑΝΑΣΧΗΜΑΤΙΣΜΟ.  ΕΚΑΝΕ ΕΠΙΣΗΣ ΕΚΤΕΤΑΜΕΝΗ ΑΝΑΦΟΡΑ ΣΤΟΥΣ ΣΚΟΠΟΥΣ ΚΑΙ ΤΟΥΣ ΣΤΟΧΟΥΣ ΤΟΥ ΠΟΛΙΤΙΚΟΥ ΦΟΡΕΑ ΤΗΣ «ΕΛΛΗΝΩΝ ΣΥΝΕΛΕΥΣΙΣ», ΑΠΟ ΤΟ ΚΑΤΑΣΤΑΤΙΚΟ ΚΑΙ ΤΙΣ ΠΡΟΓΡΑΜΜΑΤΙΚΕΣ ΔΗΛΩΣΕΙΣ ΚΑΙ ΚΑΛΕΣΕ ΟΛΟΥΣ ΤΟΥΣ ΕΛΛΗΝΕΣ ΠΟΛΙΤΕΣ ΝΑ ΕΝΩΘΟΥΝ ΚΑΙ ΝΑ ΕΝΤΑΧΘΟΥΝ ΣΤΑ ΓΡΑΦΕΙΑ ΤΩΝ ΔΙΚΩΝ ΤΟΥΣ ΤΟΠΙΚΩΝ ΔΗΜΟΤΙΚΩΝ ΟΡΓΑΝΙΣΜΩΝ ΤΗΣ «ΕΛΛΗΝΩΝ ΣΥΝΕΛΕΥΣΙΣ – Ε.ΣΥ.» ΓΙΑ ΝΑ ΕΓΚΑΘΙΔΡΥΘΕΙ Η ΔΗΜΟΚΡΑΤΙΑ ΣΤΗΝ ΧΩΡΑ ΜΑΣ ΚΑΙ ΝΑ ΥΛΟΠΟΙΗΘΟΥΝ ΟΛΟΙ ΟΙ ΣΤΟΧΟΙ ΠΟΥ ΑΝΑΦΕΡΕ.  ΗΛΕΚΤΡΟΝΙΚΗ ΕΦΗΜΕΡΙΔΑ ΕΛΛΗΝΩΝ ΣΥΝΕΛΕΥΣΙΣ:   ΠΡΟΓΡΑΜΜΑΤΙΚΕΣ ΔΗΛΩΣΕΙΣ ΕΛΛΗΝΩΝ ΣΥΝΕΛΕΥΣΙΣ:   ΙΔΡΥΤΙΚΗ ΔΙΑΚΗΡΥΞΗ ΕΛΛΗΝΩΝ ΣΥΝΕΛΕΥΣΙΣ:",0.2344689071178436,https://youtube.com/watch?v=PKkKL-uZol8,1.0,1.0
Eckhp-fcLZE,χαλαραααααα mafia252!!!!!,0.2322388887405395,https://youtube.com/watch?v=Eckhp-fcLZE,0.5,0.0
HEPvN-vDPnw,Συνάντηση Αντρο Κυπριανού-Τουφάν Ερχιουρμάν | AlphaNews Live | AlphaNews Subscribe:    Συνδέσου στο AlphaNews Live: Subscribe:   Website:  Facebook:  Twitter:,0.2214762419462204,https://youtube.com/watch?v=HEPvN-vDPnw,0.5,1.0
Wpjmj-qVGiM,ΕΟΡΤΑΣΜΟΣ 28ης ΟΚΤΩΒΡΙΟΥ ΔΗΛΩΣΕΙΣ,0.2165381014347076,https://youtube.com/watch?v=Wpjmj-qVGiM,1.0,1.0
XdHVh-JG6FU,ΑΝΕΦΟΔΙΑΣΜΟΣ ΑΕΡΟΣΚΑΦΩΝ ΑΠΟ ΛΕΜΕΣΟ - ΡΙΚ1 Εφημερίδα «ΠΟΛΙΤΗΣ»,0.1705002635717392,https://youtube.com/watch?v=XdHVh-JG6FU,1.0,1.0
uHRrh-C3wJU,ΑΘΗΝΑ ! - foxtrot - Θ  Σακελλαρίδη (1928) ΑΠΟ ΤΗΝ ΟΠΕΡΕΤΤΑ «ΧΡΙΣΤΙΝΑ»,0.167619988322258,https://youtube.com/watch?v=uHRrh-C3wJU,0.5,0.0
GKxAl-ueByQ,ΕΧΩ ΕΝΑ ΚΑΦΕΝΕ ΕΚΤΕΛΕΣΗ   ΑΠΟ  ΜΟΥΣΙΚΗ  ΚΑΡΑΟΚΕ,0.1572261452674865,https://youtube.com/watch?v=GKxAl-ueByQ,1.0,1.0
itdtj-nNmQY,πραξεις NEGKA REX beat pol   στιχοι  ερμηνεια NEGKA REX  rec mix master NEGKA REX  EXIT STUDIO,0.1247676089406013,https://youtube.com/watch?v=itdtj-nNmQY,0.5,1.0
vLJoQ-sUAqk,χοροθέατρο ΚΘΒΕ - ΥΠΟΜΕΛΑΣ ΤΟΠΟΣ TV SPOT,0.1185038983821868,https://youtube.com/watch?v=vLJoQ-sUAqk,0.5,1.0
NLLnI-maSac,"ΓΕΩΡΓΙΟΣ ΠΟΛΥΜΕΡΗΣ  ΥΠΟΥΡΓΟΣ ΠΑΙΔΕΙΑΣ   ΚΟΙΝΩΝΙΚΟ ΛΕΙΤΟΥΡΓΗΜΑ #γιώργοςπολυμέρης #παιδεία #ελλήνωνσυνέλευσις #ελληνωνσυνελευσις #πολιτική #πολιτικη #υποψήφιοιβουλευτές #υποψηφιοιβουλευτες #εθνοσυνέλευση #εθνοσυνελευση  Ο ΥΠΟΨΗΦΙΟΣ ΒΟΥΛΕΥΤΗΣ Α’ ΘΕΣΣΑΛΟΝΙΚΗΣ ΜΕ ΤΗΝ ΕΛΛΗΝΩΝ ΣΥΝΕΛΕΥΣΙΣ ΓΕΩΡΓΙΟΣ ΠΟΛΥΜΕΡΗΣ ΣΤΗΝ ΕΚΠΟΜΠΗ «ΚΥΡΙΑΡΧΟΣ ΠΟΛΙΤΗΣ» ΜΕ ΤΟΝ ΕΥΑΓΓΕΛΟ ΙΟΡΔΑΝΙΔΗ ΣΤΟ ΑΡΓΩ WEB TV.  ΜΙΑ ΤΕΡΑΣΤΙΑ ΙΔΙΟΤΗΤΑ ΠΟΥ ΕΙΝΑΙ Η ΒΑΣΗ ΓΙΑ ΤΟΝ ΚΑΘΟΡΙΣΜΟ ΤΗΣ ΛΕΙΤΟΥΡΓΙΑΣ ΤΗΣ ΧΩΡΑΣ ΜΑΣ ΕΙΝΑΙ Ο ΥΠΟΥΡΓΟΣ ΠΑΙΔΕΙΑΣ ΜΙΑ ΙΔΙΟΤΗΤΑ ΠΟΥ ΜΕ ΤΗΝ ΟΡΘΗ ΔΙΑΧΕΙΡΙΣΗ ΤΗΣ ΠΑΙΔΕΙΑΣ ΘΑ ΔΗΜΙΟΥΡΓΕΙΤΑΙ ΣΥΝΕΧΩΣ ΑΥΞΟΥΣΑ ΠΟΡΕΙΑ ΣΤΗ ΘΕΣΗ ΤΗΣ ΧΩΡΑΣ ΜΑΣ ΜΕ ΤΟΥΣ ΠΙΟ ΛΑΜΠΡΟΥΣ ΕΠΙΣΤΗΜΟΝΕΣ ΟΠΩΣ ΚΑΙ ΘΑΥΜΑΣΤΕΣ ΠΡΟΣΩΠΙΚΟΤΗΤΕΣ ΠΟΥ ΕΧΟΥΝ ΠΕΡΑΣΕΙ ΚΑΙ ΣΤΟ ΠΑΡΕΛΘΟΝ ΚΑΙ ΠΡΕΠΕΙ ΝΑ ΣΥΝΕΧΙΣΤΕΙ ΑΥΤΟ ΔΙΟΤΙ ΕΙΜΑΣΤΕ Η ΣΥΝΕΧΕΙΑ ΤΟΥΣ ΜΕ ΜΗ ΣΩΣΤΗ ΔΙΑΧΕΙΡΙΣΗ ΥΠΑΡΧΕΙ ΑΠΥΘΜΕΝΗ ΚΑΘΟΔΟΣ ΜΕ ΑΠΟΤΕΛΕΣΜΑ ΟΧΙ ΜΟΝΟ ΝΑ ΜΗΝ ΕΧΟΥΜΕ ΑΝΘΡΩΠΟΥΣ ΠΟΥ ΘΑ ΑΠΑΡΤΙΖΟΥΝ ΤΟΥΣ ΔΥΝΑΤΟΤΕΡΟΥΣ ΚΛΑΔΟΥΣ ΤΗΣ ΧΩΡΑΣ ΜΑΣ ΟΠΩΣ ΓΙΑΤΡΟΙ , ΕΚΠΑΙΔΕΥΤΙΚΟΙ ΑΛΛΑ ΑΝ ΜΗ ΤΙ ΑΛΛΟ ΝΑ ΜΗΝ ΥΠΑΡΧΕΙ ΚΑΝ ΚΡΙΤΙΚΗ ΣΚΕΨΗ, ΔΗΜΙΟΥΡΓΙΚΟΤΗΤΑ.  ΣΕ ΠΡΟΗΓΟΥΜΕΝΗ ΕΚΠΟΜΠΗ ΕΙΧΑΜΕ ΜΙΛΗΣΕΙ ΓΙΑ ΤΗΝ ΤΗΛΕ-ΕΚΠΑΙΔΕΥΣΗ ΟΣΟΝ ΑΦΟΡΑ ΤΗΝ CISCO ΠΟΥ ΠΑΡΟΥΣΙΑΣΤΗΚΕ ΑΠΟ ΤΗΝ Κ.ΚΕΡΑΜΕΩΣ ΩΣ ΔΩΡΕΑ ΕΝΩ ΔΕΝ ΕΙΝΑΙ ,ΟΠΩΣ ΚΑΙ ΓΙΑ ΤΗΝ ΠΡΟΩΘΗΣΗ ΤΩΝ ΠΡΟΣΩΠΙΚΩΝ ΔΕΔΟΜΕΝΩΝ ΠΟΥ ΠΑΙΡΝΕΙ ΑΠΟ ΤΟΝ ΠΕΛΑΤΗ ΤΗΣ ΠΟΥ ΕΙΝΑΙ ΤΟ ΥΠ.ΠΑΙΔΕΙΑΣ ΑΠΟ ΕΚΠΑΙΔΕΥΤΙΚΟΥΣ ΚΑΙ ΑΝΗΛΙΚΟΥΣ ΜΑΘΗΤΕΣ ΣΕ ΤΡΙΤΟΥΣ ΓΙΑ ΤΟΥΣ ΕΠΙΧΕΙΡΗΜΑΤΙΚΟΥΣ ΣΚΟΠΟΥΣ ΤΗΣ ΣΥΓΚΕΚΡΙΜΕΝΗΣ ΕΤΑΙΡΕΙΑΣ.  Ο ΛΟΓΟΣ ΠΟΥ ΠΑΙΡΝΕΙ ΤΕΤΟΙΟΥ ΕΙΔΟΥΣ ΑΠΟΦΑΣΕΙΣ Η ΥΠ.ΠΑΙΔΕΙΑΣ Κ.ΚΕΡΑΜΕΩΣ ΜΗ ΕΚΠΡΟΣΩΠΟΝΤΑΣ ΕΛΛΗΝΙΚΑ ΣΥΜΦΕΡΟΝΤΑ ΕΙΝΑΙ ΠΟΛΥ ΒΑΘΥΤΕΡΟΙ ΚΑΙ ΕΧΟΥΝ ΕΥΘΥΓΡΑΜΙΣΤΕΙ ΔΙΧΝΟΝΤΑΣ ΤΟ ΑΛΗΘΙΝΟ ΠΡΟΣΩΠΟ ΤΗΣ.  ΕΧΕΙ ΒΡΑΒΕΥΤΕΙ ΤΟ 2016 ΑΠΟ ΤΡΙΜΕΡΗ ΕΠΙΤΡΟΠΗ ΠΟΥ Ο ΙΔΡΥΤΗΣ ΤΗΣ ΕΙΝΑΙ Ο Κ.ΝΤΕΙΒΙΝΤ ΡΟΚΦΕΛΕΡ ΜΙΑ ΠΡΟΣΩΠΙΚΟΤΗΤΑ ΠΟΥ ΗΘΕΛΕ ΝΑ ΦΕΡΕΙ ΤΗΝ ΠΑΓΚΟΣΜΙΟΠΟΙΗΣΗ ΠΟΥ ΣΤΟ ΚΕΝΤΡΟ ΤΗΣ ΘΑ ΕΙΧΕ ΤΟΝ ΑΝΘΡΩΠΟ ΑΛΛΑ ΩΣ ΣΚΛΑΒΟ.  ΠΑΓΚΟΣΜΙΟΠΟΙΗΤΕΣ ΕΧΟΥΝ ΜΟΝΟ ΟΙ ΕΛΛΗΝΕΣ ΠΟΥ ΚΑΤΑΣΤΟΥΣΑΝ ΤΟΝ ΑΝΘΡΩΠΟ ΞΑΝΑ ΕΛΕΥΘΕΡΟ ΟΠΩΣ ΤΟΤΕ ΕΤΣΙ ΚΑΙ ΣΗΜΕΡΑ ,Ο ΛΟΓΟΣ ΠΟΥ ΙΔΡΥΘΗΚΕ Η ΕΛΛΗΝΩΝ ΣΥΝΕΛΕΥΣΙΣ ΕΙΝΑΙ ΓΙΑ ΝΑ ΞΑΝΑΦΕΡΕΙ ΤΟΝ ΕΛΛΗΝΑ ΑΝΘΡΩΠΟ ΣΤΟ ΚΕΝΤΡΟ ΕΛΕΥΘΕΡΟ ΜΕ ΤΟ ΕΛΛΗΝΙΚΟ ΑΞΙΑΚΟ ΤΟΥ ΣΥΣΤΗΜΑ ΠΟΥ ΘΑ ΘΩΡΑΚΙΣΕΙ ΤΗΝ ΔΙΑΔΡΟΜΗ ΤΟΥ ΣΕ ΠΡΑΓΜΑΤΙΚΟ ΟΠΛΙΤΗ ΕΝΑΝΤΙΑ ΣΕ ΚΑΘΕ ΠΑΡΕΜΒΑΣΗ ΑΠΟ ΜΗΧΑΝΙΣΜΟΥΣ ΑΦΑΝΙΣΜΟΥ ΤΟΥ ΑΝΘΡΩΠΟΥ.  Ο ΠΛΟΥΤΟΣ ΤΟΥ ΑΝΘΡΩΠΟΥ ΕΜΦΑΝΙΣΤΗΚΕ ΣΤΗΝ ΕΠΟΧΗ ΤΗΣ ΕΛΛΗΝΩΝ ΣΥΝΕΛΕΥΣΙΣ Ο ΑΝΘΡΩΠΟΣ ΠΟΥ ΤΟΝ ΕΜΦΑΝΙΣΕ ΕΙΝΑΙ Ο ΠΡΟΕΔΡΟΣ ΤΗΣ Ο Κ.ΑΡΤΕΜΗΣ ΣΩΡΡΑΣ ΤΑ 600 ΔΙΣ ΤΑ ΛΟΙΔΩΡΗΣΑΝΕ ΕΝΩ ΥΠΑΡΧΟΥΝ ΑΘΩΩΤΙΚΕΣ ΔΙΚ.ΑΠΟΦΑΣΕΙΣ ΤΑ ΣΗΜΑΔΙΑ ΑΠΟ ΤΙΣ ΠΛΗΓΕΣ ΤΟΥ ΜΗΧΑΝΙΣΜΟΥ ΑΦΑΝΙΣΜΟΥ ΤΟΥ ΑΝΘΡΩΠΟΥ ΕΙΝΑΙ ΠΑΝΤΟΥ ΚΑΙ ΦΑΙΝΟΝΤΑΙ ΞΕΚΑΘΑΡΑ ΜΕΣΑ ΣΤΟΝ ΚΡΑΤΙΚΟ ΠΡΟΥΠΟΛΟΓΙΣΜΟ ΠΟΥ ΣΥΝΕΧΙΖΕΙ ΝΑ ΕΧΕΙ ΤΕΡΑΣΤΙΑ ΠΟΣΑ ΕΝΩ Ο ΕΛΛΗΝΑΣ ΛΟΙΜΟΚΤΟΝΕΙ, ΤΟ 2022 ΩΣ ΔΑΝΕΙΑ ΕΧΟΥΜΕ ΠΑΝΩ ΑΠΟ 700 ΔΙΣ.  ΜΕ ΤΗΝ ΕΛΛΗΝΩΝ ΣΥΝΕΛΕΥΣΙΣ Ο ΙΔΙΟΣ Ο ΠΟΛΙΤΗΣ ΠΟΥ ΔΟΜΕΙΤΑΙ ΣΗΜΕΡΑ ΘΑ ΤΑ ΧΡΗΣΙΜΟΠΟΙΗΣΕΙ ,ΤΑ 600 ΔΙΣ ΠΟΥ ΕΧΟΥΝ ΚΥΝΗΓΗΘΕΙ ΜΕ ΤΟΣΟ ΔΟΛΙΟ ΤΡΟΠΟ ΕΙΝΑΙ ΔΙΟΤΙ ΑΠΕΛΕΥΘΕΡΩΝΟΥΝ ΤΟΝ ΕΛΛΗΝΑ ΑΠΟ ΤΑ ΔΕΣΜΑ ΤΟΥ ΔΗΛΩΝΟΝΤΑΣ ΙΔΙΟΚΤΗΤΗΣ ΤΑ ΑΠΟΔΕΧΕΤΑΙ ΚΑΙ Η ΜΕΓΑΛΗ ΜΕΤΑΡΡΥΘΜΙΣΗ ΞΕΚΙΝΑ ,ΕΧΕΙ ΗΔΗ ΞΕΚΙΝΗΣΕΙ ΚΑΙ ΜΕ ΤΗΝ ΕΝΩΣΗ ΜΑΣ ΟΙ ΑΠΟΓΟΝΟΙ ΜΑΣ ΘΑ ΕΙΝΑΙ ΠΕΡΗΦΑΝΟΙ ΠΟΥ ΕΔΡΑΙΩΣΑΜΕ ΤΗΝ ΙΔΙΑ ΤΗΝ ΕΛΕΥΘΕΡΙΑ ,ΕΙΜΑΣΤΕ ΕΤΟΙΜΟΙ ΓΙΑΤΙ ΕΙΜΑΣΤΕ ΕΛΛΗΝΕΣ.   ΗΛΕΚΤΡΟΝΙΚΗ ΕΦΗΜΕΡΙΔΑ ΕΛΛΗΝΩΝ ΣΥΝΕΛΕΥΣΙΣ:   ΠΡΟΓΡΑΜΜΑΤΙΚΕΣ ΔΗΛΩΣΕΙΣ ΕΛΛΗΝΩΝ ΣΥΝΕΛΕΥΣΙΣ:   ΙΔΡΥΤΙΚΗ ΔΙΑΚΗΡΥΞΗ ΕΛΛΗΝΩΝ ΣΥΝΕΛΕΥΣΙΣ:",0.0905920192599296,https://youtube.com/watch?v=NLLnI-maSac,1.0,1.0
JhkYM-JQSDU,Κωνσταντίνος Αργυρός - Ελπίδα | Teaser Follow Nikos Karas Music on social media:    Follow Konstantinos Argiros on social media:  Facebook:   Instagram:   ♫ Buy it / Stream it:  Spotify:   iTunes/Apple Music:   Deezer:   Amazon Music:   Μουσική: Λεμονής Σκοπελίτης Στίχοι: Λεμονής Σκοπελίτης  Video teaser / Μίξη teaser: Nikos Karas  Κωνσταντίνος Αργυρός - Ελπίδα | Teaser  #NikosKarasMusic #KarasMusicTeaser #KonstantinosArgiros #Elpida #greeksong2023 #newrelease2023,0.0901835635304451,https://youtube.com/watch?v=JhkYM-JQSDU,0.5,1.0
mHAEx-JzMmI,Liquid review #7 - Rebels and Kings περιγραφω μια σειρα την  Rebels and Kings   #specialisedvapers     Facebook Profile:    Ομάδα Facebook:   Store site:,0.0834126994013786,https://youtube.com/watch?v=mHAEx-JzMmI,0.5,0.5
nIHzA-b5cd0,1 HMIXRONO ΑΟ ΚΩΦΩΝ - ΕΡΜΗΣ ΕΙΡ.ΗΡΑΚΛΕΙΟΥ 3-3 1 HMIXRONO ΑΟ ΚΩΦΩΝ - ΕΡΜΗΣ ΕΙΡ.ΗΡΑΚΛΕΙΟΥ 3-3 ΕΝΑΣ ΑΓΩΝΑΣ ΠΟΥ ΗΤΑΝ ΠΛΟΥΣΙΟΣ ΣΕ ΦΑΣΕΙΣ ΚΑΙ ΓΚΟΛ ΚΑΛΥΤΕΡΟΣ Ο ΕΡΜΗΣ ΗΡΑΚΛΕΙΟΥ ΑΛΑ ΜΕ ΔΥΟ ΑΥΤΟΓΚΟΛ,0.0712283700704574,https://youtube.com/watch?v=nIHzA-b5cd0,1.0,1.0
gZHbl-YRbmY,G7さいこーう！　てか味方ちゅよすんぎ,0.0635719299316406,https://youtube.com/watch?v=gZHbl-YRbmY,0.0,0.0
MuPYq-Q3DmY,RADIO SYMBAN Η ΕΛΕΝΑ ΜΑΤΣΟΥΚΑ ΜΕ ΤΗΝ ΕΜΑΝΟΥΕΛΑ ΞΕΝΑΚΗ   ΚΑΛΑΜΙΤΣΙΑ ΠΑΡΑΔΟΣΙΑΚΑ ΠΡΟΙΟΝΤΑ ΝΑΞΟΥ 6 9-23 RADIO SYMBAN Η ΕΛΕΝΑ ΜΑΤΣΟΥΚΑ ΣΤΙΣ ΡΑΔΙΟΔΥΝΕΝΤΕΥΞΕΙΣ  ΜΕ ΚΑΛΑΜΙΤΣΙΑ ΠΑΡΑΔΟΣΙΑΚΑ ΠΡΟΙΟΝΤΑ ΝΑΞΟΥ  ΚΑΙ ΤΗΝ Κ.Ξενάκη Εμμανουέλα 6-9-2023,0.05301358923316,https://youtube.com/watch?v=MuPYq-Q3DmY,0.5,1.0
ckQxf-mkIS8,Harry Potter and The Deathly Hallows Part 2  Behind The Scenes Δείτε περισσότερα στο,0.0489112734794616,https://youtube.com/watch?v=ckQxf-mkIS8,0.5,0.0
mHLqH-ZZyPc,Το Top Eleven 2024 Είναι Εδώ! (Top Eleven #7),0.0476543642580509,https://youtube.com/watch?v=mHLqH-ZZyPc,0.5,0.5
NVRXa-V8CtM,re Περιγραφήt,0.0475585237145423,https://youtube.com/watch?v=NVRXa-V8CtM,0.5,0.0
zqTvW-avm2g,Guess The Song Part 2! Guess What Song Is This! - RetweetTheSongs  Our Social Media: Twitter  Instagram  Email: retweetthesongs.com  Like & Subscribe!  Happy Guessing!,3.143447975162417e-05,https://youtube.com/watch?v=zqTvW-avm2g,0.0,0.0
MuNEP-klKtA,Wonderful Bossa Nova - Vibe for Upbeat Moods Provided to YouTube by Symphonic Distribution  Wonderful Bossa Nova - Vibe for Upbeat Moods · Brunch Chillout Playlist  Trumpet Bossa - Ambiance for Upbeat Moods  ℗ 2022 CyBeat International  Released on: 2022-05-07  Composer: Reginald Rogers  Auto-generated by YouTube.,1.411068660672754e-05,https://youtube.com/watch?v=MuNEP-klKtA,0.0,0.0
aLmQu-e-ewQ,DiahSiska Nawangwuri(go hokvis) dirumahjalan cemara36wonoyoso bumirejo Kebumen jawa tengah indonesia Diah Siska Nawangwuri nama indonesia(go hok vis nama chungkwok asli RRC Beijing Taiwan Hongkhong yang lahir diindonesia&tinggal diindonesia)punya kakak perempuan Diah Heny Nawangwuri nama indonesia(go hok ni nama chungkwok asli RRC Beijing Taiwan Hongkhong yang lahir diindonesia&tinggal diindonesia)punya mama kandung sanah nama indonesia(kwee Soei Paw nama chungkwok asli RRC Beijing Taiwan Hongkhong yang lahir diindonesia&tinggal diindonesia)dialamat rumah jalan cemara nomor36wonoyoso bumirejo kecamatan Kebumen kabupaten Kebumen Jawa Tengah indonesia,1.0642451343301218e-05,https://youtube.com/watch?v=aLmQu-e-ewQ,0.0,0.0
hXmhC-y2erU,"Funtime Foxy SPIES on Michael Afton... | Minecraft FNAF Roleplay In this episode of Minecraft FNAF, Funtime Foxy convinces Funtime Bonnie and Funtime Chica to accompany him to check on Mary and Michael Afton... What will he find?     Welcome to Minecraft FNAF: Foxy! On the Foxy channel you'll learn more about the hidden lore behind William Aftons acquisition of the beloved character ""Foxy""! This channel is family friendly, but some episodes could be scarier than others, so keep an eye out for that *SCARY* tag in the titles!     Social Media:   Follow us:   E-mail us: business.com      The Team:   Foxy - Rexex  Mangle - CassiCow  Jeremy - Pat   Guest Starring:     Production Music by www.epidemicsound.com      Please leave a comment, subscribe, hit the notification bell and hit that like button. We'll be sure to write back!   #Minecraft #minecraftroleplay #FNAF",1.0209369975200389e-05,https://youtube.com/watch?v=hXmhC-y2erU,0.0,0.0
zNXkz-1b1C4,turnal last part ANXP GAMING,1.0129088877874892e-05,https://youtube.com/watch?v=zNXkz-1b1C4,0.0,0.0
oyLfP-eILhk,"BLU Life Pro Quick Review Take a look as Rachel does a quick review on the BLU Life Pro!  Thanks for watching! If you like what you see then like, comment, share, and subscribe!",1.00461429610732e-05,https://youtube.com/watch?v=oyLfP-eILhk,0.0,0.0
xHphJ--A37o,Regalos del día de la Madre Alcoholes en gel - difusores - gel de ducha - jabón liquedo para manos,1.0044792361441068e-05,https://youtube.com/watch?v=xHphJ--A37o,0.0,0.0
NWHGT-6OkOs,"संस्कृति मंत्रालय, भारत सरकार के अंतर्गत नई दिल्ली में चल रहे और आगामी कार्यक्रम संस्कृति मंत्रालय, भारत सरकार के अंतर्गत नई दिल्ली में चल रहे और आगामी कार्यक्रम",1.0038912478194106e-05,https://youtube.com/watch?v=NWHGT-6OkOs,0.0,0.0
WLRUx-nnZNc,Yagya chaudhary,1.0002873750636354e-05,https://youtube.com/watch?v=WLRUx-nnZNc,0.0,0.0
aKiIb-HjXAQ,KINGDOM HEARTS Ⅲ Walkthrough Part 219 KINGDOM HEARTS III,1.0002273484133184e-05,https://youtube.com/watch?v=aKiIb-HjXAQ,0.0,0.0
