id,text,__label__ita_Latn,link,text_lang,video_lang
jQnml-8pEhE,Azzumail Timelapse Painting Speedpaint - quadro moderno dipinto a mano: Ritratto di Geisha II Ecco la seconda prova di Speedpaint! Stavolta non si è scaricata la video camera come nel primo caso che potete vedere qui:  Sono riuscita a portare a termine l'opera con tranquillità ed il risultato finale è grandioso! A parte che ero un po' più cicciona perché è stato girato un paio di mesi fa XD Spero vi piaccia!,0.99993634223938,https://youtube.com/watch?v=jQnml-8pEhE,1,0.0
DpCFt-NbcxM,10 consigli per superare la prova orale Introduzione alla nuova serie di video dedicati alla preparazione per la prova orale del concorso ordinario Playlist concorso 2020:  Il canale di Paola e Marcella:,0.9998583793640136,https://youtube.com/watch?v=DpCFt-NbcxM,1,1.0
sHgOp-BKbuw,"TG Tigullio 25 Agosto 2016 Telegiornale locale che tratta delle notizie del Tigullio e suo entroterra, il TG Tigullio va in onda tutti i giorni su Entella TV canale 17, dal lunedi al sabato alle 12.45 con replica alle 14.15 e alle 19.30 con replica alle 22.45 - 02.00 - 07.00, inoltre va in onda anche su Tigullio TV canale 117 alle 13.20 e alle 20.20. Da quasi un mese è nato il canale YouTube   - dove ogni sera viene pubblicato il telegiornale in modo da essere visibile in qualsiasi parte del mondo, con semplice click sul proprio PC, le notizie principali vengono pubblicate oltre che sul nostro sito internet, anche sulla nostra pagina Facebook:  e da qualche giorno anche su TWITTER:  - in modo da tenervi aggiornati ovunque voi siate.",0.9999022483825684,https://youtube.com/watch?v=sHgOp-BKbuw,1,1.0
pOfga-LTREQ,"Presantion of Team Blood3 Ciao, mi presento sono frekins. Sono il Capo del team Blood3  Siamo un team competitivo, appena sbarcato con il sogno di diventare un org ( organizzazzione pagata).  REQUISITI   Avere minimo 2,5 k punti in arena ( ovvio se è una nuova seson accettiamo tutti) Esperienza nei tornei (Avere un buon movming ecc...) Accettiamo tutte le piattaforme (Pc,Telefono,xbox,ps4 e 5) Avere un Ottimo Build,edit ed Aim (verrete valutati da noi)                                              Il PROVINO Coinsisterà : _in una solo vs squad con più di 12 kill _5 Round Boxfight _5 Build fight                                                       MA Nel tal caso non si superassero almeno 2 di queste prove (se si ha del potenzaile) ,si andrà in Accademy, dove verrete aiutati da dei nostri player in base alla piattaforma, finchè non sarete abbastanza forti da team officale.                                               Grazie e buona fortuna.    Un Saluto dal team Blood3 :)",0.9997215867042542,https://youtube.com/watch?v=pOfga-LTREQ,1,1.0
JYYTx-fGJ2w,Non posso non innamorarti di Te,0.9993115663528442,https://youtube.com/watch?v=JYYTx-fGJ2w,1,1.0
hFWVa-m4zec,"Mineurs backstage 1 un backstage del film Mineurs (Minatori - minori) , girato e montato dall'assistente alla regia Donato Telesca. Pubblicato in occasione del decennale dell'inizio della lavorazione (maggio 2006) Parte 1°",0.9996832609176636,https://youtube.com/watch?v=hFWVa-m4zec,1,1.0
ilqwt-ptL8k,"2022 biciclettata palentina organizzata dall'associazione  Mapuche di Cese  mapuche Piani Palentini ci sono  molti prati, bellissimo nel periodo di giugno raccolta del fieno, molti terreni incolti, stradine ottime per corsa campestre e mountain bike. È raggiungibile in auto autostrada 24 e 25 uscita Magliano dei Marsi, con il treno linea Roma - Pescara si scende alla  stazione di Tagliacozzo o Scurcola Marsicana verde",0.9996861219406128,https://youtube.com/watch?v=ilqwt-ptL8k,1,1.0
rZkHm-B1mdU,I riti e le tradizioni fra passato e futuro: ecco ''Viaggio di Scavo'',0.999733865261078,https://youtube.com/watch?v=rZkHm-B1mdU,1,1.0
afPDM-Q2bHM,"Bad _Tennis@ LucaVsMax(istruttore2°grado, ex B) Sessione di allenamento con l'istruttore di secondo livello Massimo Fallani Set singolo  Club Sportivo Firenze",0.9962098002433776,https://youtube.com/watch?v=afPDM-Q2bHM,1,1.0
SFnHe-Gs_oA,ANALIZZIAMO questo fatto insieme,0.9999241828918456,https://youtube.com/watch?v=SFnHe-Gs_oA,1,1.0
RzZNB-XVBoA,"Compagnia ""D'Equilibre"" La compagnia ""D'Equilibre"" che ha aperto il concerto di Habib Koitè mercoledi 6 Agosto 2014 al Parco Florida di Pegognaga",0.9515782594680786,https://youtube.com/watch?v=RzZNB-XVBoA,1,1.0
SgaZA-2tZvs,27 agosto 2023,0.9577254056930542,https://youtube.com/watch?v=SgaZA-2tZvs,1,0.0
PEzUu-cqcME,Posta della fornace,0.9445332884788512,https://youtube.com/watch?v=PEzUu-cqcME,1,0.0
Fugww-T2H00,"Energie rinnovabili, scelte, priorità e decisioni consapevoli: percorsi a scuola Educare al Cambiamento - Festival delle opportunità formative 7-8 settembre 2023 - Fenice Green Energy Park  Plenaria: Energie rinnovabili, scelte, priorità e decisioni consapevoli: percorsi a scuola -Sara Scrimin – Università degli Studi di Padova – DPSS - Mark Van Ryzin – University of Oregon – College of Education (collegamento) - Martina Pasqualotto – VII IC “San Camillo” Padova - Benedetta Zagni – Università degli Studi di Padova – DPSS",0.9556898474693298,https://youtube.com/watch?v=Fugww-T2H00,1,1.0
FySAz-HbuyA,"La banda I Sonatori della Boscaglia a Castelnuovo Val di Cecina - Festa di Liberazione (4 sett.2011) Seminario su ""Musica popolare e Canto sociale"", con Pardo Fornaciari, Marco Chiavistrelli, Stella Cappellini e Davide Giromini. Canta Giorgia Tacconi, con Claudia Cancellotti al violino, Fabio Elmini alla chitarra, Aldo Montalti al contrabbasso, Marcello Conti alla fisa e Michele Bertaccini al sax contralto.",0.941670060157776,https://youtube.com/watch?v=FySAz-HbuyA,1,1.0
hkmgw--ztvI,27 Novembre 2023 Video da parte di Daniel Gach,0.946513295173645,https://youtube.com/watch?v=hkmgw--ztvI,1,0.0
ckdGr-gDLvQ,"Dragon Ball Z Kakarot Update PS5 60 FPS Walkthrough - La Saga Di Freezer Parte 2 Se Volete seguirmi lasciate un like iscrivetevi e commentate Grazie Per il supporto a Tutti , buona visione #DragonBallZKakarot #Walkthrough #PS5ITA",0.9486346244812012,https://youtube.com/watch?v=ckdGr-gDLvQ,1,1.0
xnqvt-nuhQA,Giochiamo d'anticipo simulando Udinese Lazio del 21/05/2023 H.20.45,0.9565715193748474,https://youtube.com/watch?v=xnqvt-nuhQA,1,
nVoax-ELypw,30 agosto 2023,0.9540000557899476,https://youtube.com/watch?v=nVoax-ELypw,1,
zqhnn-JZD4g,12 agosto 2023,0.9568283557891846,https://youtube.com/watch?v=zqhnn-JZD4g,1,0.0
KzbGR-xHJ34,mi prima,0.8937520980834961,https://youtube.com/watch?v=KzbGR-xHJ34,0,0.0
mxzjc-gr3Uw,i love  indai,0.9015290141105652,https://youtube.com/watch?v=mxzjc-gr3Uw,0,
EJoce-Q-bfM,Trasmissione ps4,0.9045603275299072,https://youtube.com/watch?v=EJoce-Q-bfM,1,1.0
WUmQm-KClx0,"Bar Pakkio - Episodio 184 - ""IL Bancomat"" Al Bar Pakkio si sperimenta un nuovo bancomat...",0.8986624479293823,https://youtube.com/watch?v=WUmQm-KClx0,1,1.0
pdUfZ-gtbuI,"shiva e sfera ebbasta, seguimi  #puntinismo #disegno #art #artist",0.9049267768859864,https://youtube.com/watch?v=pdUfZ-gtbuI,1,0.0
sNrqz-BFgaI,Nereo fa uno scherzo telefonico a Max Millan (290411).wmv,0.891610860824585,https://youtube.com/watch?v=sNrqz-BFgaI,1,1.0
yumEV-01HDY,Notte Rosa - Portorecanati Giro d'italia Tappa a Portorecanati,0.9070900082588196,https://youtube.com/watch?v=yumEV-01HDY,1,1.0
qlAaH-gEln0,Aviso chato,0.8932844400405884,https://youtube.com/watch?v=qlAaH-gEln0,0,0.0
cibcO-E4t6w,"Modern Combat 5 - Gameplay Online #196 - Il Petardo [Diflu] Ciao a tutti Ragazzi, altra Partitozza a Modern Combat 5 Blackout e stavolta, con la Classe Ricognitore proviamo il Petardo utilizzando la polvere di Diamante.  SEGUIMI SU:   Twitter:   Google+:   Instagram:   Facebook:    Introduzione Canale creata da SNIP3R per informazioni vi lascio il link qui sotto:   PIASTRINA MODERN COMBAT 5: 0a2ef  NOME UTENTE MODERN COMBAT 5: Diflu A.",0.8982329964637756,https://youtube.com/watch?v=cibcO-E4t6w,1,1.0
kLpaH-BICQ0,"Caramelle Mental bianco fassi Donna rosa 1 Spot Caramelle Mental bianco fassi Donna rosa 1, anno prima messa in onda 1995",0.9075838923454284,https://youtube.com/watch?v=kLpaH-BICQ0,1,1.0
YkEjP-dXkRs,"Il Sabato in Diretta di Luciano&Claudio - 21 Maggio 2022 - SORRISI PER LA PACE... 21 Maggio 2022 - SORRISI PER LA PACE... Sull'onda della cronaca, della politica e della cultura, le libere riflessioni settimanali di   Luciano Simonelli e Claudio Pina. Benvenuti i commenti. #VolodymyrZelenskyj #putin #ucraina #russia #nato #guerra #claudiopina #lucianosimonelli #denazificazione #kiev #erdogan #svezia #finlandia #cybersecurity #bucha #mariacorso #giannanannini #cina #carestia #Donbass",0.8062151670455933,https://youtube.com/watch?v=YkEjP-dXkRs,1,1.0
zpPnu-F3GNw,ganpati bappa stetus vidio,0.7973836064338684,https://youtube.com/watch?v=zpPnu-F3GNw,0,0.0
PDyYj-aKuEQ,teste 01,0.7988685965538025,https://youtube.com/watch?v=PDyYj-aKuEQ,0,0.0
FReIr-6_5MU,"FOOTBALL MANAGER 2020 - Ep.22 - ANDIAMO IN PREMIER? -  CARRIERA ALLENATORE Benvenuti o bentornati su Football Manager Italia. Finalmente iniziamo una nuova avventura, la nostra prima e forse unica carriera su FOOTBALL MANAGER 2020.  Pagina Facebook: www.facebook.com/footballmanagerital  Saluti e al prossimo video da Mike94",0.8093072772026062,https://youtube.com/watch?v=FReIr-6_5MU,1,1.0
WKGwe-f_yO4,Jugando granyy parte 3,0.8010267615318298,https://youtube.com/watch?v=WKGwe-f_yO4,0,0.0
ZGAMO-B9MzE,papa meri papa,0.7984579205513,https://youtube.com/watch?v=ZGAMO-B9MzE,0,0.0
SIXPh-5bg04,"COLAZIONE - Grace kelly nn ho parole.. si commenta da solo... standing ovation , tutti in piedi prego.. GRACE KELLY IT'S BACK",0.8027201294898987,https://youtube.com/watch?v=SIXPh-5bg04,1,1.0
WJyXs-iqzEY,"Omelia - III DOMENICA DI QUARESIMA (mattina) - P. Gabriele Maria Pellettieri, FI Omelia della S. Messa festiva della mattina del 20 marzo 2022, III DOMENICA DI QUARESIMA, tenuta da p. Gabriele Maria Pellettieri, FI.",0.808034360408783,https://youtube.com/watch?v=WJyXs-iqzEY,1,1.0
gWmaR-GxSrc,"La YOHIMBINA - l'INTEGRATORE EFFICACE per ELIMINARE il GRASSO OSTINATO #shorts LA RIVOLUZIONE SULL'INTEGRAZIONE 2022Non sei stanco di sti INFLUENCER che ti parlano di integrazione solo per sentito dire, o perché un BRAND di INTEGRAZIONE gli paga lo STIPENDIO? Entra ne ""La Rivoluzione sull'Integrazione 2022"" e risolvi tutti i dubbi (inclusi brand di integrazione validi) :   La YOHIMBINA - l'INTEGRATORE EFFICACE per ELIMINARE il GRASSO OSTINATO #shorts #grasso #integrazione",0.8015644550323486,https://youtube.com/watch?v=gWmaR-GxSrc,1,1.0
ZHedO-RQLXs,Trasmissione PS4 live di cinziabionda5349,0.801535427570343,https://youtube.com/watch?v=ZHedO-RQLXs,1,1.0
Qypkw-fciyQ,When i was your man di Bruno Mars canta Di Silvestre Caterina  #wheniwasyourman #cantanti #cantantiitaliani #lezionidicanto #,0.7030275464057922,https://youtube.com/watch?v=Qypkw-fciyQ,1,1.0
rZxvu-zIn7Q,"50 Stile Libero Ragazzi Maschile (Serie 7) - 9 Trofeo SOGEIS Montichiari Gara di nuoto svolta a MONTICHIARI - BS alle 18:47 di Giovedi' 08/12/2016
 
 Atleti partecipanti:
 in corsia 1 SALERI PAVEL (2001) della soc. ALBATROS iscritto con 0:00:29.77
 in corsia 2 BATTISTA JACOPO (2002) della soc. SPORTING LODI iscritto con 0:00:29.50
 in corsia 3 LISSI LUCA (2001) della soc. NUOTO CLUB MILANO iscritto con 0:00:29.00
 in corsia 4 INCATASCIATO GIORGIO (2002) della soc. SPORTING LODI iscritto con 0:00:29.00
 in corsia 5 FABRIS MATTIA (2002) della soc. 3 PISCINE iscritto con 0:00:29.00
 in corsia 6 ROSSINI MICHELANGELO (2002) della soc. VEROLANUOTO iscritto con 0:00:29.30
 in corsia 7 CORDELLA MARCO (2002) della soc. FONDAZIONE BENTEGODI iscritto con 0:00:29.54
 in corsia 8 PICCOTIN LUCA (2002) della soc. AMATORI NUOTO iscritto con 0:00:29.90
 
 
 Risultati completi su 
 #Nuoto #Swimming",0.6984293460845947,https://youtube.com/watch?v=rZxvu-zIn7Q,1,1.0
EBcVS-CaYzM,"Fortnite con i friends|scopons,top|",0.7094125747680664,https://youtube.com/watch?v=EBcVS-CaYzM,1,1.0
wQuoR-xs9-Q,"Joe Bar Team ""The Movie"" Le avventure del Joe Bar Team",0.7056046724319458,https://youtube.com/watch?v=wQuoR-xs9-Q,1,1.0
WLWTN-Or3fE,Mi video,0.7044433355331421,https://youtube.com/watch?v=WLWTN-Or3fE,0,0.0
BoTnr-prtnY,tiro feb 4,0.7079131603240967,https://youtube.com/watch?v=BoTnr-prtnY,0,0.0
doVLi-pGcN4,#ginnasticaritmica,0.6982170343399048,https://youtube.com/watch?v=doVLi-pGcN4,1,1.0
mculq-UXW8s,PES 6 Campionato Master #216 - Pozzo Libera - Inter Speriamo di fare meglio di ieri  LINK: iWrestlingpills:  Instagram:  Canale Telegram:  Canale Twitch:  Discord:  PIW Network:  MSN/Escargot: pelomen.chat  #pes6 #live #ita #pro #evolution #soccer #masterleague #master #league #campionatomaster #campionato #master,0.69959956407547,https://youtube.com/watch?v=mculq-UXW8s,1,0.0
zBWmR-N0KpA,scorpio drive status night,0.7077814340591431,https://youtube.com/watch?v=zBWmR-N0KpA,0,
zqzHx-Cr-vo,"Kaiju n.8 Analisi del character Design! INFOBOX  Con Gianluca Chicconi in arte Sanya Umbra, fumettista a tutto tondo e amante dei kaiju, analizziamo in questo video i design del manga rivelazione Kaiju8, da Kafka Hibino fino ai vari Kaiju9, 10 e via dicendo!  #Kaiju8 #Kafka #Shueisha  =I NOSTRI SOCIAL= Twitch-  Youtube-  Instagram-  Telegram-   =I SOCIAL DI GIANLUCA CHICCONI= Instagram-  Twitch-  Youtube-   Music from Uppbeat (free for Creators!):  License code: MKD8WULM5YGGJ9MB",0.6965577602386475,https://youtube.com/watch?v=zqzHx-Cr-vo,1,1.0
uzlnh-HxMNg,João Lucas cantando Thalles,0.6078113317489624,https://youtube.com/watch?v=uzlnh-HxMNg,0,0.0
MZjmi-LESzc,Grand tourismo sport qualification,0.5964123606681824,https://youtube.com/watch?v=MZjmi-LESzc,0,
piARv-tE8R0,FIFA 22 Creazione Palermo,0.5905627012252808,https://youtube.com/watch?v=piARv-tE8R0,1,1.0
VNIzi-m15iE,fandango di pollencia 11.4.10.AVI,0.591888427734375,https://youtube.com/watch?v=VNIzi-m15iE,1,0.0
WGYKW-CYLrY,Dipper pacifica bombom pate 2 Lol pop,0.6054961085319519,https://youtube.com/watch?v=WGYKW-CYLrY,0,0.0
eQwSZ-VUe-Y,eugenio mannarino    volare auditorium campora - marzo 2011,0.5994108319282532,https://youtube.com/watch?v=eQwSZ-VUe-Y,1,1.0
nnAqC-sSqdc,solo dg 5,0.6079208850860596,https://youtube.com/watch?v=nnAqC-sSqdc,0,0.0
xOFWR-22Ez8,Carrot rice|carrot rice recipe|how to make carrot rice Carrot rice|carrot rice recipe|how to make carrot rice #carrotrice# #carrotricerecip# #lunchbox# #thriveniveni#,0.6016628742218018,https://youtube.com/watch?v=xOFWR-22Ez8,0,0.0
CMfFk-1NtjY,Samuel musica,0.5999879837036133,https://youtube.com/watch?v=CMfFk-1NtjY,1,0.0
gihtU-Zz2dg,Matrimonio Davide&Sabrina 26/09/2010 (sarà giusta la data?????? speriamo)--------------------26/09/2013..................3 anni di purgator.....cioè di matrimonio!!!!!!! :p,0.6042590737342834,https://youtube.com/watch?v=gihtU-Zz2dg,1,1.0
wDcUd-pYAeQ,Jay Mata  di,0.5034189224243164,https://youtube.com/watch?v=wDcUd-pYAeQ,0,0.0
soTox-hs8r0,New collections. Bonanza satrangi 2000 designe.,0.5024628639221191,https://youtube.com/watch?v=soTox-hs8r0,0,0.0
pEQTA-geZC4,Goga mari gomo vato thay  Goga nu status gujrati goga mari gomo vato thay,0.4990659058094024,https://youtube.com/watch?v=pEQTA-geZC4,0,0.0
YlNJR-6fMnw,intro #3 :) Moje intro #3,0.5000096559524536,https://youtube.com/watch?v=YlNJR-6fMnw,0,0.0
uyjye-Z_gRk,Tutti i suoni della vita Provided to YouTube by Velut Luna  Tutti i suoni della vita · Giorgio Gaslini  Song Book  ℗ 2006 Velut Luna  Released on: 2006-01-01  Contributor: Massimo Pagano  Auto-generated by YouTube.,0.4941236078739166,https://youtube.com/watch?v=uyjye-Z_gRk,1,1.0
meLAI-xP-KY,Nuove granate puzzolenti SHAREfactory,0.5042819976806641,https://youtube.com/watch?v=meLAI-xP-KY,1,1.0
WebkY-SVqKU,L'Anima Di Carta Provided to YouTube by TuneCore  L'Anima Di Carta · La Strada degli Incontri Perduti  La Strada Degli Incontri Perduti  ℗ 2022 La Strada degli Incontri Perduti  Released on: 2022-04-01  Auto-generated by YouTube.,0.4989823997020721,https://youtube.com/watch?v=WebkY-SVqKU,1,
cJdmk-9sbu8,BravesXPapeletto PAintball,0.5036978721618652,https://youtube.com/watch?v=cJdmk-9sbu8,0,0.0
hBkao-b4v50,Test intro,0.502928614616394,https://youtube.com/watch?v=hBkao-b4v50,0,0.0
sbtzB-PqnyQ,Limo in Somalia,0.4940896332263946,https://youtube.com/watch?v=sbtzB-PqnyQ,1,0.0
oKNIG-GZVUI,Mix pedacito Dey,0.3967384696006775,https://youtube.com/watch?v=oKNIG-GZVUI,0,0.0
ODPxu-ZxRYA,"“Diamond Heart”, Nathan Cooper & Teressa LaGamba",0.4025748074054718,https://youtube.com/watch?v=ODPxu-ZxRYA,1,0.0
nmwzq-OuKX8,Semma bro dupsmash collection(3),0.4040353298187256,https://youtube.com/watch?v=nmwzq-OuKX8,0,0.0
ybFbD-trryo,Lindisfarne - Run for Home (Alternate Version),0.4006934463977813,https://youtube.com/watch?v=ybFbD-trryo,0,
Oirlf-abkec,fico legal jente,0.4061834216117859,https://youtube.com/watch?v=Oirlf-abkec,0,0.0
iFpun-mD6Ek,naruto ♡♡♡,0.3909792304039001,https://youtube.com/watch?v=iFpun-mD6Ek,1,0.0
nyYso-8Qc24,nuova FORTEZZA 14/03/09 entrata IVEE,0.4017131626605987,https://youtube.com/watch?v=nyYso-8Qc24,1,1.0
iCGSF-hYZUQ,pevamo sa matricom UZIVAJTE .,0.39441579580307,https://youtube.com/watch?v=iCGSF-hYZUQ,0,
QqlZT-_A_p8,1502 Classical piano trio,0.3949363827705383,https://youtube.com/watch?v=QqlZT-_A_p8,0,0.0
htjQD-vbJAo,girls ni katti padese manthram adhokkate,0.3931306600570678,https://youtube.com/watch?v=htjQD-vbJAo,0,0.0
jcyKO-MUB_4,Intro Intro,0.30506032705307,https://youtube.com/watch?v=jcyKO-MUB_4,0,0.0
kqndS-4G7fI,"#shorts Учусь танцевать на людях #камри35 #танцы #танцывтц pretty girl,pretty girl lyrics,pretty,girl,pretty girl maggie lindemann,pretty girl remix,lyrics pretty girl,maggie lindemann pretty girl,dj pretty girl,maggie lindemann pretty girl lyrics,pretty girls,cade pretty girl,pretty girl letra,pretty girl lyric,lyric pretty girl,remix pretty girl,pretty girl lyric video,cheat codes pretty girl,pretty girl cheat codes,cheat codes pretty girl remix,pretty girl cheat codes remix",0.3068391978740692,https://youtube.com/watch?v=kqndS-4G7fI,0,
FYyym-aGniA,III Domenica di Pasqua - santa Messa,0.2966531813144684,https://youtube.com/watch?v=FYyym-aGniA,1,1.0
qXjbJ-d4AfA,versi moon,0.2910437881946563,https://youtube.com/watch?v=qXjbJ-d4AfA,0,0.0
AbYac-KY87I,"Life Motivation status, poetry, Shayari",0.3003072738647461,https://youtube.com/watch?v=AbYac-KY87I,0,0.0
syJsu-ChppQ,GRAND2  costello fam Support the stream:,0.3013297319412231,https://youtube.com/watch?v=syJsu-ChppQ,0,0.0
fUbJv-N4rc8,Vedio(13),0.3050144612789154,https://youtube.com/watch?v=fUbJv-N4rc8,0,0.0
TfHhg-f-Gos,Innovare Pizzas(3) Festa da pizza,0.2905749380588531,https://youtube.com/watch?v=TfHhg-f-Gos,0,0.0
nFFMA-h9pAo,Jogando free fire,0.3015396296977997,https://youtube.com/watch?v=nFFMA-h9pAo,0,0.0
loATv-0Hr3s,Vai passar Gerson rufino,0.3035668432712555,https://youtube.com/watch?v=loATv-0Hr3s,0,0.0
tQIWS-NWRH8,roti Pizza #pizza #cheese #corn #roti #food #foodie #cooking #homemade,0.1931375712156295,https://youtube.com/watch?v=tQIWS-NWRH8,0,0.0
culGT-TZGbY,Khatami Ato,0.1982333213090896,https://youtube.com/watch?v=culGT-TZGbY,0,0.0
muQwn-3eNds,Deep Purple ~ Lalena,0.2042196691036224,https://youtube.com/watch?v=muQwn-3eNds,0,0.0
mLtHM-2eF1s,alejandro el heavy  amicucci (don team) vs brian allevato semi final super 8 KB pro,0.2064503133296966,https://youtube.com/watch?v=mLtHM-2eF1s,0,0.0
jWqmE-HN6lI,Yuildevil Lapistoria Pictures Film Corporation logo (1953-1969),0.2071147859096527,https://youtube.com/watch?v=jWqmE-HN6lI,0,0.0
mIrol-SmODk,fortnite,0.203810304403305,https://youtube.com/watch?v=mIrol-SmODk,0,0.0
HXWye-xdvvE,Cristiano ronaldo#edit#capcut,0.2049601972103119,https://youtube.com/watch?v=HXWye-xdvvE,0,0.0
SXRWv-jKAEE,Shakira La Sona route Bangla video galagali,0.19418665766716,https://youtube.com/watch?v=SXRWv-jKAEE,0,0.0
WvhZN-Gj1Vg,Davidino e Skep Corso Trial,0.2074171006679535,https://youtube.com/watch?v=WvhZN-Gj1Vg,1,1.0
EKZkS--2M64,Purulia bewaf WhatsApp  status video,0.1924532949924469,https://youtube.com/watch?v=EKZkS--2M64,0,0.0
CZuvj-xQmWg,13 Juli 2023,0.1020468175411224,https://youtube.com/watch?v=CZuvj-xQmWg,0,
KAlYu-F78q4,Quando a dinda entra no clima,0.0946278795599937,https://youtube.com/watch?v=KAlYu-F78q4,0,0.0
vNrGX-7ihgo,Fortnite: live  (PS4),0.0964794158935546,https://youtube.com/watch?v=vNrGX-7ihgo,0,0.0
gXWUI-Lkl48,logo vidio,0.097257599234581,https://youtube.com/watch?v=gXWUI-Lkl48,0,0.0
KIXDy-CvtDM,Naruto sasuke com selo karma parte 34,0.1029706895351409,https://youtube.com/watch?v=KIXDy-CvtDM,0,0.0
ciZBr-1nqNE,dabal fani video,0.0934666544198989,https://youtube.com/watch?v=ciZBr-1nqNE,0,
rYbuz-GuSRc,2k21 Live stream,0.1023095771670341,https://youtube.com/watch?v=rYbuz-GuSRc,0,0.0
Yxdgp-VoBrk,veg tava pulao,0.0948528572916984,https://youtube.com/watch?v=Yxdgp-VoBrk,0,0.0
sQmcK-EDlpM,19 Juli 2023,0.0928424745798111,https://youtube.com/watch?v=sQmcK-EDlpM,0,0.0
LkkOH-SZvjA,conferencia6video7,0.1005071103572845,https://youtube.com/watch?v=LkkOH-SZvjA,0,0.0
JuixT-dRwr0,Vizio rebooting,0.056608285754919,https://youtube.com/watch?v=JuixT-dRwr0,0,0.0
TENVV-oziH4,Ajay Devgan ka new trailer video trending#shorts video#reels,0.0432078354060649,https://youtube.com/watch?v=TENVV-oziH4,0,
ilIFN-04A9M,Burak la minecraft 4,0.0517569705843925,https://youtube.com/watch?v=ilIFN-04A9M,0,0.0
aZuvx-ZncXQ,"quranikerim, esr s.",0.0468964837491512,https://youtube.com/watch?v=aZuvx-ZncXQ,0,0.0
clLRO-CN3Wc,13 novembre 2019,0.0409624949097633,https://youtube.com/watch?v=clLRO-CN3Wc,1,0.0
jWmcC-qEee4,vita vo #shorts #video #freefireindia #freefire #freefiremax #freefiremaxhighlights,0.0524155050516128,https://youtube.com/watch?v=jWmcC-qEee4,0,0.0
AYpKm-T9L1o,"Student Review | Study in Germany | ERFOLG Counseling | Master in Germany | German Student Visa One of our past student Kshitij Patil speak about their experiences at ERFOLG Counseling Services  Planning to Study in Germany? University Shortlisting, Application, Documentation, Blocked Account and Forex, Health and Travel Insurance, Visa All services at ERFOLG. Only    Visit our website for more information  Please Contact Us +91-8291709933 +91-8291709922 +91-8805591515  Follow us on: - Instagram -  Facebook -  LinkedIn - Google Reviews -   visa consultant in India, visa consultant in Maharashtra, visa consultant in Gujarat, best visa consultant in Maharashtra, best visa consultant in Gujarat, visa consultant in Mumbai, visa consultant in Ahmedabad, best visa consultant in Ahmedabad, best visa consultant in Mumbai, Gujarat visa consultant, Maharashtra visa consultant, Ahmedabad visa consultant, Mumbai visa consultant, Germany visa consultant in India, Germany visa consultant in Maharashtra, Germany visa consultant in Gujarat, Germany visa consultant in Mumbai, Germany visa consultant in Ahmedabad, German visa consultant in India, German visa consultant in Maharashtra, German visa consultant in Gujarat, German visa consultant in Mumbai, German visa consultant in Ahmedabad, Best visa consultant in India, Best visa consultant in Maharashtra, Best visa consultant in Gujarat, Visa consultant in India, Immigration consultant in India, Germany immigration consultant in India, immigration consultant India, best Germany visa consultant in India, Study in Germany, Master in Germany how to study in Germany, best consultant for Germany visa, Germany visa consultant, German visa consultant, German language classes, Best German classes in India, Best visa counselling India, Best German visa counseling, Best German visa counseling in India Best German visa counseling in Gujarat, Best German visa counseling in Maharashtra, best visa consultant in Mumbai, visa consultant in Mumbai, Germany Student Visa, German Visa, Student Visa, Immigration consultants, Best immigration in India, Best immigration in Gujarat, Best immigration consultancy in Ahmedabad, Best immigration in Gujarat, Best consultants in Ahmedabad for Germany, Best consultants in Mumbai for Germany, Best consultant in India for Germany, Best consultant in Gujarat for Germany, Best consultant in Maharashtra for Germany, Best immigration consultant in Ahmedabad for Germany, Best immigration consultant in Gujarat for Germany, Best immigration consultant in Mumbai for Germany, Best immigration consultant in Maharashtra for Germany, Germany immigration consultancy, Germany immigration consultancy in Ahmedabad, Germany immigration consultancy in Gujarat, Germany immigration consultancy in Mumbai, Germany immigration consultancy in Maharashtra, Germany immigration consultant, Germany immigration consultant in India, Germany immigration consultant in Gujarat, Germany immigration consultant in Maharashtra, Germany study visa consultant, Best consultant for student visa, Germany study visa 2023, Germany visa for Indian 2023, Germany study visa 2022, Germany visa for Indian 2022, German embassy Mumbai, Germany visa update 2023, Student visa expert, Germany visa expert, Germany visa specialist, German visa specialist, #erfolgcounseling #erfolgcounselingservices #germanstudentvisa #visaappointment #studyingermany #germanvisa #delhistudent #germanlanguage #learngermanlanguag #visaconsultants #ahmedabadvisaadviser #visaadviser #ahmedabadconsultant #visacounseler #europevisa #europestudentvisa #studyineurope #germanyvisa #germanyvisaapplication #germanyvisaconsultants #germanyvisaapply #germanyvisa2021 #germanvisa #german #visaconsultant #studyingermany #visaking #germanvisaconsultant #germanstudentvisa #germanvisitorvisa #germanschengenvisa #ahmedabad #ahmedabadvisaconsultant #gujarat #gujaratvisaconsultant #visaconsultantinindia #germanlanguage #germanlanguageclasses #educationconsultant #careerconsultant #foreigneducation #studyabroad #studygermany #bestvisaconsultant #visaconsultantindia #mumbai #maharashtra #pune #studentvisa #germanyvisa #masteringermany #freeeducation #freeeducationingermany #studyineurope #deutchland #deutch",0.0405498929321765,https://youtube.com/watch?v=AYpKm-T9L1o,0,0.0
ynWoG-2Hxck,Pratap singh-Let's Learn  class 10 math ch 3 mcq #pratapsingh #ncertmath10th #class10mathch3mcq,0.0559833906590938,https://youtube.com/watch?v=ynWoG-2Hxck,0,0.0
ffsyB-Okgok,I fell in Love in september.,0.0560977756977081,https://youtube.com/watch?v=ffsyB-Okgok,0,0.0
pbOZr-mKR5o,No Healing Challenge in Custom | Free fire |,0.0416594743728637,https://youtube.com/watch?v=pbOZr-mKR5o,0,0.0
nRuFW-caTH4,I LOVE CRICKET,6.898798164911568e-05,https://youtube.com/watch?v=nRuFW-caTH4,0,0.0
OdAad-jHGqw,Xiaomi mi 4K camera fix How to fix a killed the camera 4K mi drone,0.0002667859371285,https://youtube.com/watch?v=OdAad-jHGqw,0,0.0
pnnmz-akHlo,ItsToHotDownhere.exe,3.350490442244336e-05,https://youtube.com/watch?v=pnnmz-akHlo,0,0.0
UMpnu-8Mp9Q,I roasted this guy right when I stepped on stage!!!  #roast #hecker #standupcomedy #comedy,1.646671080379747e-05,https://youtube.com/watch?v=UMpnu-8Mp9Q,0,0.0
TqqWk-oMakk,Borong to bajawa,1.3237773600849325e-05,https://youtube.com/watch?v=TqqWk-oMakk,0,0.0
tgaDF-7ZIvY,Raspando o cabelo,0.0047391490079462,https://youtube.com/watch?v=tgaDF-7ZIvY,0,0.0
RPXdV-8dpPU,Extending the date for the editing competition!,1.0644765097822528e-05,https://youtube.com/watch?v=RPXdV-8dpPU,0,0.0
nctYF--_2Q4,leeré los comentarios,1.0064411071653012e-05,https://youtube.com/watch?v=nctYF--_2Q4,0,0.0
heojk-uFTD8,"Queerbots - Gay Wedding Gay Wedding Queerbots improv performance on January 10, 2015 www.queerbots.com",0.0047477325424551,https://youtube.com/watch?v=heojk-uFTD8,0,0.0
fHMtc-VWB_k,"Miércoles Random #EnVideo ¿Cuáles son los beneficios de utilizar calentadores solares?  Hoy en #MiércolesRandom, el Ing. Iván Sánchez, docente de Energías Renovables nos comparte las ventajas de utilizarlos. Seamos parte del cambio  ¡Chécalo y comparte! #OrgulloUTVCO #HalconesUTVCO",0.0002730373234953,https://youtube.com/watch?v=fHMtc-VWB_k,0,0.0
