id,text,__label__nld_Latn,link,text_lang,video_lang,Unnamed: 6
UDLti-n7ulY,hoooorales,0.99508398771286,https://youtube.com/watch?v=UDLti-n7ulY,0.0,0.0,
IKgZG-nJDmw,"prisonarchitect # 72 automatische deuren welkom bij een nieuwe aflevering
 
 facebook link 
 
 Instagram link",0.9990034699440002,https://youtube.com/watch?v=IKgZG-nJDmw,1.0,1.0,
lzkjX-T45Z4,Tunahan Kuzu Denk Europa op 2M Bedankt voor u stem aan Denk,0.9917395710945128,https://youtube.com/watch?v=lzkjX-T45Z4,0.5,0.0,
xQEpd-_GGVg,"Putten met Marie putten, golf, oefenen op de puttinggreen, leren putten in 2 slagen",0.9975650906562804,https://youtube.com/watch?v=xQEpd-_GGVg,1.0,,
pOjQi-Op9lM,Het is gewoon zo,1.0000100135803225,https://youtube.com/watch?v=pOjQi-Op9lM,1.0,0.0,
Syfcw-x7c0A,Gijs is het zat dat Kenley bij Romy hangt. Volgens Jayden hebben ze al gezoend (of niet?),0.9998388290405272,https://youtube.com/watch?v=Syfcw-x7c0A,1.0,1.0,
CUaYo-y1Ctk,Ben jij beter?? Edit Contest!!! Stuur je edits naar atrianapvp.nl wie wint krijg 5 euro paysafecard!!,0.9943293333053588,https://youtube.com/watch?v=CUaYo-y1Ctk,0.5,0.0,
eRnpA-wlb94,Het eerste zorgbuurthuis van Nederland! Volg ons ook op:,0.9964684844017028,https://youtube.com/watch?v=eRnpA-wlb94,1.0,1.0,
qWFhP-ZTMzg,"3D taart van strijkkralen maken | DIY | Mandy Michelle ✗ Wie ben ik?  Hee, ik ben Mandy. En ik ben 24 jaar oud. Ik woon samen met mijn vriend en mijn twee honden kindjes Chiko ( Amerikaanse akita mix) en Boef (keeshond) in het mooie Twente. Alles wat met creativiteit te maken heeft vind ik leuk. DIY, fotografie, YouTube etc. Op mijn kanaal vind je dan ook vooral creatieve video's en vlogs. Ben jij benieuwd naar wat mij allemaal bezig houd? Neem dan snel een kijkje op mijn kanaal.  ✗Vind ik leuk?  Gooi dan je duimpje omhoog! wil je op de hoogte blijven van mijn ontwikkelingen en video's? Abonneer dan op mijn kanaal. Ik zou het helemaal tof vinden als je een reactie achter zou willen laten onder mijn video. Tips en tops zijn altijd welkom!   ✗ Social media Mandy:   Chiko & Boef:  ____ Vlog camera: Canon G7x Mark ||",0.9999852180480956,https://youtube.com/watch?v=qWFhP-ZTMzg,1.0,1.0,
tYqJR-E379c,Klepperderk en de schapen van de Sallandse heuvelrug #shorts Klepperderk komt met zijn schapen van de Sallandse Heuvelrug lopend het dorp in!,0.999996542930603,https://youtube.com/watch?v=tYqJR-E379c,1.0,0.0,
EoXsK-48Vns,Sleepslangen 2016 uit rollen slang | Putting down de slurry hose Sleepslangen 2016 uit rollen slang | Putting down de slurry hose,0.9402931332588196,https://youtube.com/watch?v=EoXsK-48Vns,0.5,0.0,
WtLUY-gxuJk,Soon.,0.9411587119102478,https://youtube.com/watch?v=WtLUY-gxuJk,0.0,0.0,
VqJnZ-1ZbhY,"Know, Like en Trust verhogen met videomarketing?",0.9547827243804932,https://youtube.com/watch?v=VqJnZ-1ZbhY,0.5,1.0,
ULOCp-6h8CA,Video manager Down to Zero Indonesië Terre des Hommes stopt kinderuitbuiting. Help mee! Ga naar,0.9598047733306884,https://youtube.com/watch?v=ULOCp-6h8CA,0.5,0.0,
rKuVG-UYYsA,Een meisje doet me killen me beste beste vriend wil me reden #likeme,0.957857310771942,https://youtube.com/watch?v=rKuVG-UYYsA,1.0,,
rygPX-Vqo2o,Koi aag lage #dance#Taal,0.9457679390907288,https://youtube.com/watch?v=rygPX-Vqo2o,0.0,0.0,
YasCm-PwRhk,Dagje Slappendelbouw Prefab dakopbouw in Bodegraven,0.9485700726509094,https://youtube.com/watch?v=YasCm-PwRhk,1.0,0.0,
LHnND-2UIvY,Mahij no ankhot(7) Mahij gam,0.9543536305427552,https://youtube.com/watch?v=LHnND-2UIvY,0.0,0.0,
HNxSN-Izuf0,Main hun tees maar khan#shorts#pubgshorts,0.9476626515388488,https://youtube.com/watch?v=HNxSN-Izuf0,0.0,0.0,
UaMim-8sGDI,kyfjf jfdjf,0.9590960741043092,https://youtube.com/watch?v=UaMim-8sGDI,0.0,,
JhaXi-HoirM,Try to win with banana skin Enjoy the game. -English -nederlands -like de video als je hem leuk vond. -minimaal 1keer per week een video online.,0.8975440263748169,https://youtube.com/watch?v=JhaXi-HoirM,0.5,0.0,
CNtYo-8oNio,limbooo! monique ging soepel,0.8926310539245605,https://youtube.com/watch?v=CNtYo-8oNio,1.0,0.0,
LOkyl-07VfY,5 mei 2023,0.8925384879112244,https://youtube.com/watch?v=LOkyl-07VfY,1.0,,
MPQxC-WLAQc,"LaGombe 21 08 16 Zondagmiddag duik in La Gombe,",0.8958829045295715,https://youtube.com/watch?v=MPQxC-WLAQc,1.0,0.0,
LmQch-ohg6o,piket prio1 op oudjaarsdag voor binnenbrand in Renkum,0.8931946754455566,https://youtube.com/watch?v=LmQch-ohg6o,1.0,0.0,
pYtBa-fx-EA,24 mei 2022,0.9063857197761536,https://youtube.com/watch?v=pYtBa-fx-EA,1.0,,
DEJFh-5BBhg,csx in voorheesville in winter 2011,0.9027818441390992,https://youtube.com/watch?v=DEJFh-5BBhg,1.0,0.0,
EUjVw-1-jhQ,"Freak Hoe, Tookaa",0.8969311118125916,https://youtube.com/watch?v=EUjVw-1-jhQ,0.0,,
homRU-FK98k,vroomm,0.9012234210968018,https://youtube.com/watch?v=homRU-FK98k,0.0,0.0,
JaAMZ-q6TeM,De eerste keer Call of Duty: Black Ops Cold War -,0.8985337615013123,https://youtube.com/watch?v=JaAMZ-q6TeM,1.0,1.0,
kZRLq-5dkXQ,2023 11 19 Weeks vs Us presentation crij 1301,0.7919472455978394,https://youtube.com/watch?v=kZRLq-5dkXQ,0.0,0.0,
XReVu-pVfXU,Slavonic groove,0.809206485748291,https://youtube.com/watch?v=XReVu-pVfXU,0.0,0.0,
EXeva-urrVM,ACE Arthur 14097 ACE SHIN Spaanse Honden in Nood  Arthur - 14097 ter adoptie,0.7929617762565613,https://youtube.com/watch?v=EXeva-urrVM,0.5,0.0,
ndCDp-Ru2sw,"Janmastami festival 2019 Samen met mijn ouders op janamasthami festival (verschijning dag van Krishna) in Radhadesh , Durby Belgiê बेल्जियमको सुन्दर पहाडी ठाउँ दुर्बी मा अवस्थित राधादेशमा कृष्णजन्मअस्थामी मनाउदै|",0.8080384135246277,https://youtube.com/watch?v=ndCDp-Ru2sw,0.5,0.0,
HiwbB-PSM_E,Kerstpakketten 2020 Marente Berkhout,0.8044112324714661,https://youtube.com/watch?v=HiwbB-PSM_E,1.0,1.0,
qvvxu-4Y_PI,Team Iron Man (Soory Cap),0.8007130026817322,https://youtube.com/watch?v=qvvxu-4Y_PI,0.0,0.0,
YZJME-9IGKg,Waats Video,0.7945965528488159,https://youtube.com/watch?v=YZJME-9IGKg,0.0,0.0,
CwMIF-yQYv4,VIRMm 9420 + VIRMm Flow 8713 Vertrek Uit Rotterdam Centraal naar Amsterdam Centraal Treinspotter_Anass,0.8071898818016052,https://youtube.com/watch?v=CwMIF-yQYv4,1.0,0.0,
FkoIs-9qfmI,2 augustus 2022,0.7968468070030212,https://youtube.com/watch?v=FkoIs-9qfmI,1.0,0.0,
IfOIi--uqL8,#mandalaart#desgins#artwork,0.7906791567802429,https://youtube.com/watch?v=IfOIi--uqL8,0.0,0.0,
wqbRu-axrho,Nana hun #song #bollywood,0.7076770067214966,https://youtube.com/watch?v=wqbRu-axrho,0.0,0.0,
ptnhK-DARz4,weer met daan,0.6920216679573059,https://youtube.com/watch?v=ptnhK-DARz4,1.0,,
gisFE-w1EfQ,25 augustus 2023,0.7099688053131104,https://youtube.com/watch?v=gisFE-w1EfQ,1.0,0.0,
IZCWc-Ipm1g,#houdini,0.7033315300941467,https://youtube.com/watch?v=IZCWc-Ipm1g,0.0,0.0,
VJoUw-Gtusg,"Flanelle drafje en stop Draf, stop en weer om",0.6987693309783936,https://youtube.com/watch?v=VJoUw-Gtusg,1.0,0.0,
UNKuu-5en_0,Nico heel-hooking,0.6974610090255737,https://youtube.com/watch?v=UNKuu-5en_0,0.0,0.0,
MZPVZ-SfE-0,Youp van 't Hek 7 t/m 10 sept Theater Heerlen Youp van 't Hek 'Omdat de nacht reprise' di 7 t/m vr 10 september Theater Heerlen.,0.7051619291305542,https://youtube.com/watch?v=MZPVZ-SfE-0,1.0,1.0,
rMlXF-sey5c,Amsterdam Pijp 7/3/2024 #2,0.7080434560775757,https://youtube.com/watch?v=rMlXF-sey5c,1.0,,
OefDi-d3K8A,18 mei 2023,0.6924997568130493,https://youtube.com/watch?v=OefDi-d3K8A,1.0,,
fhNXd-kcRTI,Dubbel,0.6900634169578552,https://youtube.com/watch?v=fhNXd-kcRTI,1.0,1.0,
NbFmO-VLfN8,Urikbom 1oooo,0.5967183113098145,https://youtube.com/watch?v=NbFmO-VLfN8,0.0,0.0,
XTRYw-mQIJo,oefen 13 6 2020,0.6062146425247192,https://youtube.com/watch?v=XTRYw-mQIJo,0.0,0.0,
SKmTj-C_Vlg,op headshot,0.5988099575042725,https://youtube.com/watch?v=SKmTj-C_Vlg,0.0,0.0,
ydXsq-Fz8IM,op quiz v4 test,0.5908888578414917,https://youtube.com/watch?v=ydXsq-Fz8IM,0.5,0.0,
QsUvl-VBbb8,#penstand,0.599992036819458,https://youtube.com/watch?v=QsUvl-VBbb8,0.0,0.0,
wnVJV-Dy1jI,love ferideeee,0.6059228777885437,https://youtube.com/watch?v=wnVJV-Dy1jI,0.0,,
GgDfs-tpXpE,Bigdro504 Nnm,0.5977833271026611,https://youtube.com/watch?v=GgDfs-tpXpE,0.0,0.0,
IntvF-Dvt84,Vuurwerkshow Oldenzaal Aftermovie 2020,0.5972030162811279,https://youtube.com/watch?v=IntvF-Dvt84,0.5,0.0,
GUAKr-G8nJs,Joekeeryswife best videos,0.6087947487831116,https://youtube.com/watch?v=GUAKr-G8nJs,0.0,0.0,
qymKL-03rKU,Bijendra panwar,0.5992567539215088,https://youtube.com/watch?v=qymKL-03rKU,0.0,0.0,
jOFBX-EbPyg,Hafiz baseer naat Shareef Nadi #naat Pak #subscribers #naate۔paak Nazim mushaira ashfaq,0.5006852746009827,https://youtube.com/watch?v=jOFBX-EbPyg,0.0,0.0,
QrbFN-vtLpE,Enseñándoles El Primer Cubo Rubik De Esta Miniserie Spoiler Ve Abajo                                     No Sigas Bajando                                  No Bajes                                                Pls                                 Aaaaaaaaaaaaaaaaaaaaaaaaaa                                                 Es Un Cubo Rubik Pequeño,0.507928729057312,https://youtube.com/watch?v=QrbFN-vtLpE,0.0,,
XdLkw-SGU1c,Eleven meets...? (Stranger Things),0.5037376284599304,https://youtube.com/watch?v=XdLkw-SGU1c,0.0,0.0,
TjoYj-YkorQ,Nzare mainu zindagi de le len de #subscribe #shortreels #trendingshorts  #babypark #kindergarten,0.4981433451175689,https://youtube.com/watch?v=TjoYj-YkorQ,0.0,,
iDKQA-LVIdQ,jannat zubair and aayan zubair new reel #reel #instagram #short,0.4901416003704071,https://youtube.com/watch?v=iDKQA-LVIdQ,0.0,0.0,
EshiO-VcyCc,Medusa freestyle na live,0.5072529911994934,https://youtube.com/watch?v=EshiO-VcyCc,0.0,0.0,
TpRuc-k7Oko,D'abord   jonglage,0.4927216172218323,https://youtube.com/watch?v=TpRuc-k7Oko,0.0,0.0,
OpTGD-HEiTU,scammed + julian and lovenarwhals dens omg omg omg omg omg omg,0.4952180683612823,https://youtube.com/watch?v=OpTGD-HEiTU,0.0,0.0,
yNTlh-rUa1k,"Hea! fan 20 oktober 2012 Eva Brouwer beweidet skiep njonken de Snitsermar. Se wol bern graach leare hoe't it giet mei sa'n keppel skiep.Regelmjittich komt in skoalklasse del by frou Brouwer en har bisten. Dizze kear binne it de bern fan Sint Ludgerus út Balk.Gewoanwei moat de hûn de skiep byinoar hâlde, no binne it de bern dy't it wurk dwaan moatte....   Oan de feart tusken Húns en Leons stean 8 manlju te fiskjen. It docht bliken dat it in feriening fan âld-personiel is, dy't al foar de 40ste kear mei in angel op paad is...",0.4956623315811157,https://youtube.com/watch?v=yNTlh-rUa1k,0.0,0.0,Actually Frysian is its own language (Friesland is a province in NL)
lVAPt-4i8as,pubg lover #pubg # lover,0.4905763566493988,https://youtube.com/watch?v=lVAPt-4i8as,0.0,0.0,
CDbzK-WlSKo,31 Januari 2023,0.4042454063892364,https://youtube.com/watch?v=CDbzK-WlSKo,0.0,,
bSBkX-65qrI,"FORTNITE?! GPU: GeForce GTX 650 CPU: Intel(R) Core(TM) i3-4150 CPU @ 3.50GHz Geheugen: 12 GB RAM (11.94 GB RAM bruikbaar) Huidige resolutie: 1680 x 1050, 59Hz Besturingssysteem: Microsoft Windows 10 Pro",0.4095469713211059,https://youtube.com/watch?v=bSBkX-65qrI,0.0,0.0,
PzIRA-2vsDA,zoo,0.4019811153411865,https://youtube.com/watch?v=PzIRA-2vsDA,0.0,0.0,
hvSpt-9dDFo,heelo ctoosants,0.4056996405124664,https://youtube.com/watch?v=hvSpt-9dDFo,0.0,,
QhivJ-Rzh9Q,Frozen top insta Status,0.4017542004585266,https://youtube.com/watch?v=QhivJ-Rzh9Q,0.0,0.0,
mTNNt-EqXsA,#reels #shortvideo,0.4027585089206695,https://youtube.com/watch?v=mTNNt-EqXsA,0.0,,
wfHim-rSlGc,30 Januari 2021,0.4036072194576263,https://youtube.com/watch?v=wfHim-rSlGc,0.0,0.0,
NBuHD-_QSuA,#duet with  #duet with  #tiktokshop #booktok #wealthtok,0.4072615206241607,https://youtube.com/watch?v=NBuHD-_QSuA,0.0,0.0,
ixZpK-n2tf4,Keller walking Keller Walking,0.3995099663734436,https://youtube.com/watch?v=ixZpK-n2tf4,0.0,0.0,
KMHnq-EELxI,Beautiful Naat,0.3995300829410553,https://youtube.com/watch?v=KMHnq-EELxI,0.0,0.0,
xnbOm-Xr00w,26 Januari 2023,0.3047574758529663,https://youtube.com/watch?v=xnbOm-Xr00w,0.0,0.0,
GimAV-DVBJ4,29 Januari 2023,0.2925314307212829,https://youtube.com/watch?v=GimAV-DVBJ4,0.0,0.0,
vLNuq-ajMIw,#status  #shortvideo #islamicvideo,0.2989668548107147,https://youtube.com/watch?v=vLNuq-ajMIw,0.0,,
JILUg-dLn9c,Gabbru shaukren gurnaam .bhullar Love song punjabi,0.2900968194007873,https://youtube.com/watch?v=JILUg-dLn9c,0.0,0.0,
KjiTA-ksbMo,hi chonkers,0.3044737577438354,https://youtube.com/watch?v=KjiTA-ksbMo,0.0,0.0,
ZozMA--3y58,2 luckiest Avengers in MCU | who is luckiest Avenger in Marvel ? | #shorts #marvel #avengers MCU luckiest Avenger | #mcu #shortvideo       Related queries :-  Marvel cinematic universe Marvel studios Mcu DC DC universe Marvel vs DC Marvel comics Short video Shorts Iron man Spider man Super man Thor Captain America Avengers Hulk Ant man Thanos,0.3042850196361542,https://youtube.com/watch?v=ZozMA--3y58,0.0,0.0,
fPEGx-RqVIQ,Volkswagen golf 3,0.2972142994403839,https://youtube.com/watch?v=fPEGx-RqVIQ,0.0,0.0,
tvWmK-yaNgg,#shortvideo #youtube #aarushi #trending #vairal_video #shortvideo #youtube #aarushi #trending #vairal_video,0.2989141345024109,https://youtube.com/watch?v=tvWmK-yaNgg,0.0,0.0,
LoReC-4GYTU,Louis Vuitton Makeup Look #shorts#louisvuitton#gucci,0.2905437052249908,https://youtube.com/watch?v=LoReC-4GYTU,0.0,0.0,
AmpwZ-VmZ9A,Egg paratha recipe | Egg paratha street food#paratha #eggparatha #youtubeshorts Egg paratha recipe | Egg paratha street food#paratha #eggparatha #youtubeshorts,0.2908364534378052,https://youtube.com/watch?v=AmpwZ-VmZ9A,0.0,,
LEyVH-HnBXY,green screen door Open green screen door Open    #newgreenscreen #greenscreen #greenscreenvideo #greenscreendooropeningvideogreen #greenscreendoor #greenscreeneffectvideo,0.2057282030582428,https://youtube.com/watch?v=LEyVH-HnBXY,0.0,0.0,
OhLpj-zqwQ0,Mahadev kankhal Haridwar swayambhoo shivling Arti shringaar adbhut Darshan| Jai Mahakal,0.1951704919338226,https://youtube.com/watch?v=OhLpj-zqwQ0,0.0,0.0,
zPpNu-a0CfI,#engagement #youtubeshorts #trending #reels #sagaimakeuplook #sagai #short #shortvideos #lovestory,0.1915858685970306,https://youtube.com/watch?v=zPpNu-a0CfI,0.0,0.0,
lfkYS-6H6nU,17 aprilie 2023,0.2026843726634979,https://youtube.com/watch?v=lfkYS-6H6nU,0.0,0.0,
pwlwV-LgeCU,#harvesttime #YouTube#backyardgardening #how #viralvideo ￼,0.2013057917356491,https://youtube.com/watch?v=pwlwV-LgeCU,0.0,0.0,
UmFHk-P-8hA,fruit chutney#dailyvlog #suparnavlog,0.2005641907453537,https://youtube.com/watch?v=UmFHk-P-8hA,0.0,0.0,
guQwP-CyMsk,ᗷTS⟭⟬ .. Jungkook,0.1982736587524414,https://youtube.com/watch?v=guQwP-CyMsk,0.0,0.0,
gEqzV-L9Mdw,Madden NFL 22_20220303115157,0.1966791450977325,https://youtube.com/watch?v=gEqzV-L9Mdw,0.0,0.0,
nQwZT-QXXiI,riby ji naam ring to on 11 August 2022,0.1962217539548874,https://youtube.com/watch?v=nQwZT-QXXiI,0.0,0.0,
OrBph-PeXU4,P.E Dreams,0.1998268365859985,https://youtube.com/watch?v=OrBph-PeXU4,0.0,0.0,
FMkOL-wCVLU,Star band en vivo Lican 2019,0.0974604561924934,https://youtube.com/watch?v=FMkOL-wCVLU,0.0,0.0,
CSzJB-wKc20,Viral Hanna Anisaa Mahasiswa UI Yang Heboh Like And Subscribe Ya Guys Thanks,0.0901683419942855,https://youtube.com/watch?v=CSzJB-wKc20,0.0,0.0,
WRabS-YmxY4,| 3 Perstige  GRIND   |  Adding Subs |,0.0917942374944686,https://youtube.com/watch?v=WRabS-YmxY4,0.0,0.0,
onHJR-r-E7c,#enjoy #viralvideo #100k ksubscribers #kgfchapter2 #souravjoshivlogs,0.1043477952480316,https://youtube.com/watch?v=onHJR-r-E7c,0.0,0.0,
rrwcf-0U9wk,My vlog begin! Ireland boys procductions,0.0925118252635002,https://youtube.com/watch?v=rrwcf-0U9wk,0.0,0.0,
aCPSl-I0xsQ,boooooo.3gp,0.0980668291449546,https://youtube.com/watch?v=aCPSl-I0xsQ,0.0,0.0,
UgOoR-8CNRc,Rok 2021,0.1028248891234397,https://youtube.com/watch?v=UgOoR-8CNRc,0.0,0.0,
QOqWL-OFTqQ,#englishsongs#elinadevia#elina#elinadeviatiktok#shortsvideo#eleenachauhan#trendingshorts#shorts #englishsongs#elinadevia#elina#elinadeviatiktok#shortsvideo#eleenachauhan#trendingshorts#shorts,0.0960378795862197,https://youtube.com/watch?v=QOqWL-OFTqQ,0.0,0.0,
xYyBe-4M2-I,Vida De Jefes  2021,0.1069949492812156,https://youtube.com/watch?v=xYyBe-4M2-I,0.0,0.0,
yFHmC-hrISg,Dilbara  #dancecover #shortvideo,0.1077724620699882,https://youtube.com/watch?v=yFHmC-hrISg,0.0,,
ZuqkR-XJn3A,#youtubeshorts #video #freefire  Hm #asik #gaming #vairal,0.0546992272138595,https://youtube.com/watch?v=ZuqkR-XJn3A,0.0,0.0,
SGQcu-j8nOs,i made the best sand duper | Minecraft survival series part 37 #minecraft  #ksallstuff #survival  #yessmartypie  #liveinsaan  #live #technogamerz  #trending  #shorts  #neonman  #realwizard  #imbixu  #anderobee  #trendingno1  #a #b #c #d #abcdefghijklmnopqrstuvwxyz  #xboxgaming  #bedrock  #op #realhogalalla  #herobrine  #herobrinesmp  #chapatihindustanigamer  #pewdiepie  #tseries  #dantehindustani  #minecraft  #ksallstuff #survival  #yessmartypie  #liveinsaan  #live #technogamerz  #trending  #shorts  #neonman  #realwizard  #imbixu  #anderobee  #trendingno1  #a #b #c #d #abcdefghijklmnopqrstuvwxyz  #xboxgaming  #bedrock  #op #realhogalalla  #herobrine  #herobrinesmp  #chapatihindustanigamer  #pewdiepie  #tseries  #dantehindustani  #viralvideo  #ytshort  #youtubeshorts  #minecraft  #ksallstuff #survival  #yessmartypie  #liveinsaan  #live #technogamerz  #trending  #shorts  #neonman  #realwizard  #imbixu  #anderobee  #trendingno1  #a #b #c #d #abcdefghijklmnopqrstuvwxyz  #xboxgaming  #bedrock  #op #realhogalalla  #herobrine  #herobrinesmp  #chapatihindustanigamer  #pewdiepie  #tseries  #dantehindustani  #viralvideo  #ytshort  #youtubeshorts  #viralvideo  #ytshort  #youtubeshorts  #minecraft  #ksallstuff #survival  #yessmartypie  #liveinsaan  #live #technogamerz  #trending  #shorts  #neonman  #realwizard  #imbixu  #anderobee  #trendingno1  #a #b #c #d #abcdefghijklmnopqrstuvwxyz  #xboxgaming  #bedrock  #op #realhogalalla  #herobrine  #herobrinesmp  #chapatihindustanigamer  #pewdiepie  #tseries  #dantehindustani  #minecraft  #ksallstuff #survival  #yessmartypie  #liveinsaan  #live #technogamerz  #trending  #shorts  #neonman  #realwizard  #imbixu  #anderobee  #trendingno1  #a #b #c #d #abcdefghijklmnopqrstuvwxyz  #xboxgaming  #bedrock  #op #realhogalalla  #herobrine  #herobrinesmp  #chapatihindustanigamer  #pewdiepie  #tseries  #dantehindustani  #viralvideo  #ytshort  #youtubeshorts  #minecraft  #ksallstuff #survival  #yessmartypie  #liveinsaan  #live #technogamerz  #trending  #shorts  #neonman  #realwizard  #imbixu  #anderobee  #trendingno1  #a #b #c #d #abcdefghijklmnopqrstuvwxyz  #xboxgaming  #bedrock  #op #realhogalalla  #herobrine  #herobrinesmp  #chapatihindustanigamer  #pewdiepie  #tseries  #dantehindustani  #viralvideo  #ytshort  #youtubeshorts  #viralvideo  #ytshort  #youtubeshorts  #1million  #1millionviews  #1trillionviewsonyoutube  #1billionviews  #1trillionsmiles  #facerevealajjubhai  #1244648967956895 #thebest #mrbeast #mrindianhacker  #meme  ##minecraft  #ksallstuff #survival  #yessmartypie  #liveinsaan  #live #technogamerz  #trending  #shorts  #neonman  #realwizard  #imbixu  #anderobee  #trendingno1  #a #b #c #d #abcdefghijklmnopqrstuvwxyz  #xboxgaming  #bedrock  #op #realhogalalla  #herobrine  #herobrinesmp  #chapatihindustanigamer  #pewdiepie  #tseries  #dantehindustani  #minecraft  #ksallstuff #survival  #yessmartypie  #liveinsaan  #live #technogamerz  #trending  #shorts  #neonman  #realwizard  #imbixu  #anderobee  #trendingno1  #a #b #c #d #abcdefghijklmnopqrstuvwxyz  #xboxgaming  #bedrock  #op #realhogalalla  #herobrine  #herobrinesmp  #chapatihindustanigamer  #pewdiepie  #tseries  #dantehindustani  #viralvideo  #ytshort  #youtubeshorts  #minecraft  #ksallstuff #survival  #yessmartypie  #liveinsaan  #live #technogamerz  #trending  #shorts  #neonman  #realwizard  #imbixu  #anderobee  #trendingno1  #a #b #c #d #abcdefghijklmnopqrstuvwxyz  #xboxgaming  #bedrock  #op #realhogalalla  #herobrine  #herobrinesmp  #chapatihindustanigamer  #pewdiepie  #tseries  #dantehindustani  #viralvideo  #ytshort  #youtubeshorts  #viralvideo  #ytshort  #youtubeshorts  #minecraft  #ksallstuff #survival  #yessmartypie  #liveinsaan  #live #technogamerz  #trending  #shorts  #neonman  #realwizard  #imbixu  #anderobee  #trendingno1  #a #b #c #d #abcdefghijklmnopqrstuvwxyz  #xboxgaming  #bedrock  #op #realhogalalla  #herobrine  #herobrinesmp  #chapatihindustanigamer  #pewdiepie  #tseries  #dantehindustani  #minecraft  #ksallstuff #survival  #yessmartypie  #liveinsaan  #live #technogamerz  #trending  #shorts  #neonman  #realwizard  #imbixu  #anderobee  #trendingno1  #a #b #c #d #abcdefghijklmnopqrstuvwxyz  #xboxgaming  #bedrock  #op #realhogalalla  #herobrine  #herobrinesmp  #chapatihindustanigamer  #pewdiepie  #tseries  #dantehindustani  #viralvideo  #ytshort  #youtubeshorts  #minecraft  #ksallstuff #survival  #yessmartypie  #liveinsaan  #live #technogamerz  #trending  #shorts  #neonman  #realwizard  #imbixu  #anderobee  #trendingno1  #a #b #c #d #abcdefghijklmnopqrstuvwxyz  #xboxgaming  #bedrock  #op #realhogalalla  #herobrine  #herobrinesmp  #chapatihindustanigamer  #pewdiepie  #tseries  #dantehindustani  #viralvideo  #ytshort  #youtubeshorts  #viralvideo  #ytshort  #youtubeshorts  #1million  #1millionviews  #1trillionviewsonyoutube  #1billionviews  #1trillionsmiles  #,0.0507629066705703,https://youtube.com/watch?v=SGQcu-j8nOs,0.0,0.0,
GTtan-RWroo,नदी#youtubeshort,0.0512007884681224,https://youtube.com/watch?v=GTtan-RWroo,0.0,0.0,
rmckW-LuSJI,Down With The Drak Iron wow archiv evento cervejeiro,0.0474460162222385,https://youtube.com/watch?v=rmckW-LuSJI,0.0,0.0,
uFqkc--kfVE,IMPOSSIBLE  #freefire #totalgaming,0.0498772077262401,https://youtube.com/watch?v=uFqkc--kfVE,0.0,0.0,
HjuZI-s7F-o,Our 4 Relations #youtube #youtubeshorts #ytshorts #relationship #youtube #youtubeshorts #ytshorts #relationship #toufeeq #toufeeqmasters #9848447865 #bestrelationship #our4relatons,0.0516476817429065,https://youtube.com/watch?v=HjuZI-s7F-o,0.0,0.0,
VMNDu-gt_i0,雷玟 劫 League of Legends (TM) Client via XSplit,0.0513782352209091,https://youtube.com/watch?v=VMNDu-gt_i0,0.0,0.0,
WEmEy-bkVLs,Jab bhi mai rubber wala geans pehenta hoon stretchable joggers #shorts #comedy #comedyshorts Jab bhi mai rubber wala geans pehenta hoon stretchable joggers wait for end... #trendingshorts #viralshorts #youtubeshorts #comedy #funny #comedyvideos #geans #outfit #outdoor #styles #streetwear #ytshorts,0.0403668396174907,https://youtube.com/watch?v=WEmEy-bkVLs,0.0,0.0,
GlITQ-7EvsI,Beatbox tilt ton screen,0.0590141229331493,https://youtube.com/watch?v=GlITQ-7EvsI,0.0,0.0,
jqbky-al3A0,obito Vs gojo (infinity) #vsedit #dcedit #edit #gow #scream #ادیت,0.0504950173199176,https://youtube.com/watch?v=jqbky-al3A0,0.0,0.0,
LPUAF-Uy8TU,Meri Manus sneak peak,0.0001219679616042,https://youtube.com/watch?v=LPUAF-Uy8TU,0.0,0.0,
bcKWK-IVCd8,Tutorial cara membuat egg roll_ tugas aplikasi komputer,1.06666038846015e-05,https://youtube.com/watch?v=bcKWK-IVCd8,0.0,,
TDUei-9SJKU,Lawan Deck yang Bikin Pusing - Pokemon TCG Live Indonesia Pusing banget lawan deck ini. Abilitynya bikin kesal.  Pokemon TCG Live Indonesia Playlist:   PC yang saya gunakan: CPU: Intel Core I5-9400f 6c/6t GPU: Asus Strix GTX 1060 6GB RAM: Corsair Vengeance RGB Pro 2x8GB DDR4 2667MHz +            Corsair Vengeance LPX 2x4GB DDR4 2667MHz  Follow sosial media Yanuar Yudha: Discord:  Tiktok:  Ig:    Email: yanuaryudha.business.com  Dukungan untuk channel ini: Saweria:   ============================= Ending: - Music We Are One by Vexento   Free Download / Stream:  Music promoted by Audio Library   - Photo Photo by XXSS IS BACK from Pexels =============================  #pokemon #pokemontcg #pokemontcglive #ptcgl,0.0032163376454263,https://youtube.com/watch?v=TDUei-9SJKU,0.0,0.0,
gATTO-CvQAA,#1 million views#views  like me and subscribe me ok and comment me and I am very happy  #,1.0822743206517773e-05,https://youtube.com/watch?v=gATTO-CvQAA,0.0,0.0,
NmzpX-KFgbE,"[KUOCW]오형엽_현대문학사(151006) 대표적인 한국 현대 시인 및 작품들을 감상, 분석, 해석, 평가하면서 한국 현대시사를 탐구하는 강좌입니다.",1.000000338535756e-05,https://youtube.com/watch?v=NmzpX-KFgbE,0.0,0.0,
DItTR-3Mwas,Ev duzenleme adolt me,0.0009604792576283,https://youtube.com/watch?v=DItTR-3Mwas,0.0,0.0,
dAqYZ-2oDEs,"Cuchillos, cuchilleando knifes and tools !! Buenas a todos amigos, hemos publicado nuestro primer vídeo con Johny the Knive y Pepe cuchillos , (algunos de vosotros ya lo recibisteis a finales de 2017) editado y ya dentro de nuestro canal y la nueva playlist, esperemos os entretenga y muchas gracias como siempre por vuestra atención, saludos.  instagram: safari_master_andorra_youtube",1.2754886483890004e-05,https://youtube.com/watch?v=dAqYZ-2oDEs,0.0,0.0,
qNUhv-KhIwc,РАССМАТРИВАЕМ БОРОДИНСКУЮ ПАНОРАМУ И МНОГОЕ ДРУГОЕ бородинская битва 19 309 панорама бородинской битвы 2 756 музей бородинская битва 1 736 бородинская битва 1812 1 500 музей панорама бородинская битва 1 421 войны бородинской битвы 1 177 год бородинской битвы 854 бородинская битва война +и мир 819 бородинская битва москва 728 +когда произошла бородинская битва 709 битва +на бородинском поле 693 бородинская битва кратко 669 битва бородинского сражения 667 значение бородинской битвы 619 наполеон бородинская битва 594 бородинская битва 4 класс 530 бородинская битва дата 509 панорама бородинской битвы официальный 507 официальный сайт бородинская битва 499 панорама бородинской битвы официальный сайт 485 +когда произошла битва +на бородинском поле 428 бородинская битва краткое содержание 402 панорама бородинской битвы +в москве 376 бородинская битва 1812 года 368 музей панорама бородинская битва официальный 357 музей бородинская битва официальный сайт 351 сайт музея панорамы бородинская битва 339 музей панорама бородинская битва официальный сайт 337 бородинская битва презентация 316 россия бородинская битва 315 рисунок бородинская битва 312 события бородинской битвы 303 бородинская битва 1812 краткое 301 бородинская битва 1812 краткое содержание 280 бородинская битва кутузов 275 герои бородинской битвы 262 200 летие бородинской битвы 261 картина бородинская битва 258 история бородинской битвы 252 бородинская битва +в романе война +и мир 236 творец бородинской битвы 232 бородинская битва видео 223 бородинская битва картинки 208 бородинская битва автор 208 +когда отмечалось 200 летие бородинской битвы 206 отечественная война бородинская битва 199 война 1812 бородинская битва 188 панорама бородинская битва +в москве график работы 183 какое значение имела бородинская битва 181 бородинская битва фото 178,1.001296277536312e-05,https://youtube.com/watch?v=qNUhv-KhIwc,0.0,0.0,
nKKQx-reueI,новый петомец в адопт ми в роблокс adopt mi Roblox,0.0001809710956877,https://youtube.com/watch?v=nKKQx-reueI,0.0,0.0,
JbFck-vjArE,19 de dezembro de 2023,1.0172186193813104e-05,https://youtube.com/watch?v=JbFck-vjArE,0.0,,
